期号,开奖日期,开奖号码,销售额,奖池金额,一等奖注数,一等奖金额,二等奖注数,二等奖金额
2025027,2025-03-13(四),"05,07,08,15,16,23 + 06",394720204.0,1938498165.0,,,,
2025026,2025-03-11(二),"09,10,12,14,19,32 + 07",392951650.0,1952743893.0,,,,
2025025,2025-03-09(日),"12,15,21,23,25,30 + 02",429174194.0,1936093458.0,,,,
2025024,2025-03-06(四),"10,11,22,27,30,32 + 15",390568100.0,1900501646.0,,,,
2025023,2025-03-04(二),"09,12,13,24,25,33 + 07",386827864.0,1866674645.0,,,,
2025022,2025-03-02(日),"11,17,18,20,28,30 + 10",439339144.0,1888281245.0,,,,
2025021,2025-02-27(四),"07,08,16,18,25,32 + 14",406699544.0,1838921415.0,,,,
2025020,2025-02-25(二),"04,11,13,16,26,30 + 15",397475096.0,1882831619.0,,,,
2025019,2025-02-23(日),"05,13,17,18,22,23 + 11",426478858.0,1878573590.0,,,,
2025018,2025-02-20(四),"03,09,18,21,28,29 + 11",389691430.0,1842439055.0,,,,
2025017,2025-02-18(二),"04,12,15,18,28,29 + 05",385907866.0,1857043294.0,,,,
2025016,2025-02-16(日),"02,03,12,16,20,29 + 14",422332862.0,1818910823.0,,,,
2025015,2025-02-13(四),"04,11,15,24,25,33 + 15",381850646.0,1778497050.0,,,,
2025014,2025-02-11(二),"06,07,09,13,21,27 + 05",376048608.0,1847958110.0,,,,
2025013,2025-02-09(日),"04,14,16,23,24,30 + 14",400862420.0,1866519971.0,,,,
2025012,2025-02-06(四),"07,11,13,18,27,31 + 11",384392632.0,1841105218.0,,,,
2025011,2025-01-26(日),"06,13,17,22,24,29 + 11",460490078.0,1811025553.0,,,,
2025010,2025-01-23(四),"04,06,07,16,17,21 + 08",385376562.0,1767703481.0,,,,
2025009,2025-01-21(二),"02,04,11,12,23,25 + 06",375791606.0,1921378198.0,,,,
2025008,2025-01-19(日),"09,14,16,17,25,33 + 11",419205612.0,1942395126.0,,,,
2025007,2025-01-16(四),"07,08,14,18,21,27 + 11",388819806.0,1861548871.0,,,,
2025006,2025-01-14(二),"01,07,08,17,20,22 + 06",388340672.0,1824655469.0,,,,
2025005,2025-01-12(日),"10,16,19,27,28,30 + 09",424386010.0,1858064417.0,,,,
2025004,2025-01-09(四),"03,07,17,27,29,32 + 04",391221400.0,1887440945.0,,,,
2025003,2025-01-07(二),"10,19,20,26,28,29 + 15",396515706.0,1885210987.0,,,,
2025002,2025-01-05(日),"09,12,13,15,22,26 + 11",439670530.0,1854289576.0,,,,
2025001,2025-01-02(四),"02,03,17,18,22,33 + 16",404437376.0,1792900594.0,,,,
2024151,2024-12-31(二),"05,10,16,19,29,32 + 04",428356574.0,2263285189.0,,,,
2024150,2024-12-29(日),"13,14,20,22,26,32 + 02",434694410.0,2266121359.0,,,,
2024149,2024-12-26(四),"03,09,16,17,18,22 + 16",411127632.0,2219207042.0,,,,
2024148,2024-12-24(二),"02,06,15,16,21,23 + 11",412346050.0,2188407705.0,,,,
2024147,2024-12-22(日),"05,11,13,16,21,30 + 10",438660552.0,2158588347.0,,,,
2024146,2024-12-19(四),"02,04,11,22,27,32 + 10",413166618.0,2131435845.0,,,,
2024145,2024-12-17(二),"01,03,16,22,23,30 + 03",451419346.0,2203223647.0,,,,
2024144,2024-12-15(日),"02,09,11,17,20,30 + 11",491869822.0,2201545229.0,,,,
2024143,2024-12-12(四),"02,05,11,22,30,33 + 10",463226948.0,2225060896.0,,,,
2024142,2024-12-10(二),"04,06,13,21,22,25 + 06",441190576.0,2200464970.0,,,,
2024141,2024-12-08(日),"01,02,07,15,24,29 + 12",481535824.0,2238110251.0,,,,
2024140,2024-12-05(四),"04,07,08,17,22,26 + 15",459136590.0,2261925902.0,,,,
2024139,2024-12-03(二),"15,16,20,22,23,29 + 14",456605906.0,2219122799.0,,,,
2024138,2024-12-01(日),"02,07,11,21,27,28 + 02",491074898.0,2200503777.0,,,,
2024137,2024-11-28(四),"04,09,10,19,26,27 + 12",446966366.0,2243778557.0,,,,
2024136,2024-11-26(二),"03,11,15,21,25,26 + 03",429233698.0,2537583064.0,,,,
2024135,2024-11-24(日),"05,11,17,18,30,31 + 13",465732500.0,2530793029.0,,,,
2024134,2024-11-21(四),"02,04,13,16,18,20 + 16",439880754.0,2554819300.0,,,,
2024133,2024-11-19(二),"01,11,15,27,30,33 + 01",432267736.0,2467409931.0,,,,
2024132,2024-11-17(日),"01,04,25,27,28,33 + 03",471463176.0,2503891643.0,,,,
2024131,2024-11-14(四),"04,05,11,15,20,32 + 13",435463406.0,2463553435.0,,,,
2024130,2024-11-12(二),"01,08,12,17,19,24 + 16",439889754.0,2477625267.0,,,,
2024129,2024-11-10(日),"09,10,13,19,24,32 + 01",479114118.0,2441971585.0,,,,
2024128,2024-11-07(四),"01,08,13,18,20,26 + 16",445426800.0,2453113294.0,,,,
2024127,2024-11-05(二),"02,05,13,20,27,32 + 10",438566712.0,2375510386.0,,,,
2024126,2024-11-03(日),"14,18,23,24,26,33 + 10",473613616.0,2326364768.0,,,,
2024125,2024-10-31(四),"01,04,13,18,26,30 + 03",351905686.0,2302578322.0,,,,
2024124,2024-10-29(二),"02,14,15,17,25,30 + 11",346613892.0,2296856893.0,,,,
2024123,2024-10-27(日),"02,15,22,26,30,33 + 04",375813786.0,2276426310.0,,,,
2024122,2024-10-24(四),"05,07,09,16,17,29 + 15",352551896.0,2257311684.0,,,,
2024121,2024-10-22(二),"01,07,10,13,27,33 + 03",341159894.0,2256645443.0,,,,
2024120,2024-10-20(日),"01,05,07,11,18,19 + 07",364140764.0,2266839986.0,,,,
2024119,2024-10-17(四),"02,09,26,27,31,32 + 14",343140726.0,2308462079.0,,,,
2024118,2024-10-15(二),"02,03,04,06,11,15 + 14",342882326.0,2257480299.0,,,,
2024117,2024-10-13(日),"03,12,14,16,29,32 + 12",376451952.0,2223422878.0,,,,
2024116,2024-10-10(四),"01,15,20,22,31,32 + 03",352746618.0,2192343800.0,,,,
2024115,2024-10-08(二),"03,10,11,19,27,28 + 07",341744330.0,2137644946.0,,,,
2024114,2024-10-06(日),"07,11,18,24,27,32 + 04",354097454.0,2267175046.0,,,,
2024113,2024-09-29(日),"04,05,23,24,26,31 + 11",377101508.0,2241743848.0,,,,
2024112,2024-09-26(四),"08,11,16,25,29,32 + 03",348744958.0,2182909574.0,,,,
2024111,2024-09-24(二),"01,04,11,12,22,30 + 16",339434250.0,2179758898.0,,,,
2024110,2024-09-22(日),"04,13,17,23,25,33 + 14",368550846.0,2181209099.0,,,,
2024109,2024-09-19(四),"03,04,24,28,29,33 + 09",343699030.0,2143362495.0,,,,
2024108,2024-09-17(二),"01,08,09,23,24,30 + 08",323582976.0,2140826873.0,,,,
2024107,2024-09-15(日),"01,06,08,13,17,19 + 09",354933898.0,2142473782.0,,,,
2024106,2024-09-12(四),"03,08,11,22,31,33 + 04",347018184.0,2207462227.0,,,,
2024105,2024-09-10(二),"02,05,17,19,29,33 + 04",342083742.0,2203602195.0,,,,
2024104,2024-09-08(日),"05,16,23,24,26,29 + 04",373660982.0,2184380821.0,,,,
2024103,2024-09-05(四),"12,21,23,27,32,33 + 15",346931426.0,2191849007.0,,,,
2024102,2024-09-03(二),"09,15,18,21,22,25 + 01",344796788.0,2175308161.0,,,,
2024101,2024-09-01(日),"08,12,15,17,19,30 + 08",374345806.0,2152170943.0,,,,
2024100,2024-08-29(四),"13,14,19,20,27,30 + 05",348781408.0,2171115625.0,,,,
2024099,2024-08-27(二),"04,12,17,24,26,27 + 16",344108040.0,2134776394.0,,,,
2024098,2024-08-25(日),"03,08,10,20,30,31 + 02",381156802.0,2127859521.0,,,,
2024097,2024-08-22(四),"04,10,12,13,18,30 + 03",354395754.0,2114497370.0,,,,
2024096,2024-08-20(二),"02,04,14,18,23,27 + 13",352522568.0,2065127017.0,,,,
2024095,2024-08-18(日),"04,06,09,14,16,21 + 03",385134230.0,2028443682.0,,,,
2024094,2024-08-15(四),"06,13,17,22,25,27 + 09",350072302.0,2086195097.0,,,,
2024093,2024-08-13(二),"01,05,07,11,12,15 + 12",348127806.0,2371195097.0,,,,
2024092,2024-08-11(日),"03,08,11,12,18,29 + 05",370253242.0,2335461640.0,,,,
2024091,2024-08-08(四),"13,15,16,19,20,24 + 10",356693206.0,2364340809.0,,,,
2024090,2024-08-06(二),"07,11,17,24,31,32 + 12",350631612.0,2300572454.0,,,,
2024089,2024-08-04(日),"03,06,09,15,18,31 + 01",380044140.0,2285367632.0,,,,
2024088,2024-08-01(四),"03,08,10,17,30,32 + 10",354401976.0,2291698840.0,,,,
2024087,2024-07-30(二),"03,09,18,19,20,26 + 11",346836290.0,2257713590.0,,,,
2024086,2024-07-28(日),"17,19,20,23,25,31 + 02",369996636.0,2515631484.0,,,,
2024085,2024-07-25(四),"01,05,15,21,23,27 + 15",345948072.0,2483142282.0,,,,
2024084,2024-07-23(二),"01,08,10,13,19,29 + 13",347931710.0,2441854586.0,,,,
2024083,2024-07-21(日),"03,09,14,29,32,33 + 15",378567992.0,2404993508.0,,,,
2024082,2024-07-18(四),"01,02,13,16,17,29 + 16",350123408.0,2383370581.0,,,,
2024081,2024-07-16(二),"01,06,12,17,23,25 + 04",351219750.0,2339593701.0,,,,
2024080,2024-07-14(日),"06,11,12,27,29,30 + 13",375983952.0,2334815017.0,,,,
2024079,2024-07-11(四),"02,03,06,07,16,26 + 04",351442404.0,2323420019.0,,,,
2024078,2024-07-09(二),"05,09,14,21,22,26 + 12",342123330.0,2329005428.0,,,,
2024077,2024-07-07(日),"01,04,06,14,17,22 + 08",369020954.0,2382512560.0,,,,
2024076,2024-07-04(四),"03,22,24,27,29,32 + 15",348856354.0,2372414911.0,,,,
2024075,2024-07-02(二),"03,05,08,18,22,28 + 01",345694980.0,2313225143.0,,,,
2024074,2024-06-30(日),"07,08,10,22,24,32 + 07",375016018.0,2356767829.0,,,,
2024073,2024-06-27(四),"03,09,12,18,28,30 + 01",351823400.0,2354261205.0,,,,
2024072,2024-06-25(二),"01,14,20,21,23,27 + 06",342963952.0,2329358625.0,,,,
2024071,2024-06-23(日),"02,08,19,28,30,31 + 14",377739850.0,2254015200.0,,,,
2024070,2024-06-20(四),"04,13,18,20,22,28 + 05",355743106.0,2246917307.0,,,,
2024069,2024-06-18(二),"06,13,20,21,24,32 + 06",349312006.0,2231662700.0,,,,
2024068,2024-06-16(日),"01,02,07,19,20,21 + 01",382798116.0,2248589639.0,,,,
2024067,2024-06-13(四),"01,11,13,17,25,29 + 03",359572106.0,2339018162.0,,,,
2024066,2024-06-11(二),"08,09,12,22,26,32 + 13",348630430.0,2318622744.0,,,,
2024065,2024-06-09(日),"03,05,09,10,19,22 + 14",373231796.0,2343254145.0,,,,
2024064,2024-06-06(四),"06,08,17,18,28,30 + 05",365056746.0,2335560971.0,,,,
2024063,2024-06-04(二),"07,14,16,23,28,32 + 04",362508790.0,2404350858.0,,,,
2024062,2024-06-02(日),"01,07,10,16,18,27 + 16",390275626.0,2401489046.0,,,,
2024061,2024-05-30(四),"01,09,18,22,25,28 + 02",364421040.0,2363723406.0,,,,
2024060,2024-05-28(二),"01,02,06,10,22,28 + 15",358843202.0,2326589163.0,,,,
2024059,2024-05-26(日),"01,03,14,25,31,33 + 07",390426128.0,2319757937.0,,,,
2024058,2024-05-23(四),"08,12,13,17,27,29 + 13",369285740.0,2296535377.0,,,,
2024057,2024-05-21(二),"03,08,17,18,23,31 + 08",365625592.0,2240160236.0,,,,
2024056,2024-05-19(日),"05,18,20,24,25,26 + 06",397159810.0,2300641915.0,,,,
2024055,2024-05-16(四),"02,04,06,07,16,29 + 03",377710122.0,2281302712.0,,,,
2024054,2024-05-14(二),"08,13,20,25,31,32 + 03",367543408.0,2201149174.0,,,,
2024053,2024-05-12(日),"07,14,21,22,28,33 + 07",395915432.0,2170866334.0,,,,
2024052,2024-05-09(四),"07,10,11,15,17,21 + 03",373167274.0,2202835275.0,,,,
2024051,2024-05-07(二),"05,09,13,20,23,28 + 06",367939562.0,2178038182.0,,,,
2024050,2024-05-05(日),"01,03,07,10,22,33 + 02",388201440.0,2207601984.0,,,,
2024049,2024-05-02(四),"12,15,17,23,26,32 + 11",330045974.0,2211638785.0,,,,
2024048,2024-04-30(二),"02,09,15,19,26,28 + 02",351928312.0,2179284324.0,,,,
2024047,2024-04-28(日),"07,08,21,26,29,30 + 15",405356264.0,2162261379.0,,,,
2024046,2024-04-25(四),"02,06,10,11,17,29 + 15",382103034.0,2226410188.0,,,,
2024045,2024-04-23(二),"02,08,19,23,24,26 + 03",379451774.0,2197753504.0,,,,
2024044,2024-04-21(日),"02,06,17,25,32,33 + 06",405727312.0,2217466686.0,,,,
2024043,2024-04-18(四),"04,06,07,14,15,24 + 08",379945476.0,2195139699.0,,,,
2024042,2024-04-16(二),"02,04,05,14,26,32 + 14",385020364.0,2209117678.0,,,,
2024041,2024-04-14(日),"02,09,12,22,25,33 + 16",412186810.0,2126335214.0,,,,
2024040,2024-04-11(四),"11,14,18,19,23,26 + 02",386011398.0,2403776297.0,,,,
2024039,2024-04-09(二),"02,06,12,29,30,31 + 10",381702830.0,2381952370.0,,,,
2024038,2024-04-07(日),"08,10,18,23,27,31 + 02",403976694.0,2387854012.0,,,,
2024037,2024-04-04(四),"01,04,05,06,12,14 + 13",356283280.0,2327021985.0,,,,
2024036,2024-04-02(二),"02,08,09,12,21,31 + 02",375133272.0,2277496852.0,,,,
2024035,2024-03-31(日),"05,07,14,17,22,32 + 06",412436132.0,2285864323.0,,,,
2024034,2024-03-28(四),"02,09,12,19,21,31 + 04",385412112.0,2343160918.0,,,,
2024033,2024-03-26(二),"06,10,11,18,20,32 + 05",374362318.0,2373391338.0,,,,
2024032,2024-03-24(日),"01,03,04,11,12,21 + 16",413703736.0,2337606504.0,,,,
2024031,2024-03-21(四),"09,10,13,25,30,32 + 02",401159328.0,2337825172.0,,,,
2024030,2024-03-19(二),"01,08,22,25,29,33 + 10",398025748.0,2432825172.0,,,,
2024029,2024-03-17(日),"12,18,23,25,28,33 + 04",433441094.0,2369816985.0,,,,
2024028,2024-03-14(四),"03,07,08,11,18,19 + 05",400874276.0,2284805181.0,,,,
2024027,2024-03-12(二),"02,06,13,27,28,32 + 13",398514350.0,2297410268.0,,,,
2024026,2024-03-10(日),"04,07,18,19,20,25 + 06",431419382.0,2274290656.0,,,,
2024025,2024-03-07(四),"08,15,21,22,25,33 + 13",399059370.0,2283708268.0,,,,
2024024,2024-03-05(二),"03,07,21,24,26,30 + 10",389179240.0,2259827583.0,,,,
2024023,2024-03-03(日),"01,10,22,25,28,32 + 10",429941270.0,2249424817.0,,,,
2024022,2024-02-29(四),"02,09,11,14,18,26 + 06",388759926.0,2211765504.0,,,,
2024021,2024-02-27(二),"04,06,16,17,23,24 + 11",387567590.0,2303552638.0,,,,
2024020,2024-02-25(日),"03,08,12,14,17,33 + 08",401743532.0,2292837056.0,,,,
2024019,2024-02-22(四),"05,11,12,16,17,20 + 08",362006810.0,2240147827.0,,,,
2024018,2024-02-20(二),"06,15,17,24,28,29 + 16",362234554.0,2255582139.0,,,,
2024017,2024-02-18(日),"04,17,19,20,25,32 + 04",408414594.0,2249152255.0,,,,
2024016,2024-02-06(二),"07,12,20,24,32,33 + 04",398150146.0,2182164460.0,,,,
2024015,2024-02-04(日),"03,08,17,18,20,30 + 15",391425990.0,2799740697.0,,,,
2024014,2024-02-01(四),"01,02,10,22,24,25 + 13",369008560.0,2771158275.0,,,,
2024013,2024-01-30(二),"01,07,10,14,21,25 + 07",368057096.0,2740765858.0,,,,
2024012,2024-01-28(日),"01,03,07,18,22,28 + 15",406461312.0,2765382313.0,,,,
2024011,2024-01-25(四),"08,12,16,20,27,31 + 06",382080084.0,2729590794.0,,,,
2024010,2024-01-23(二),"11,16,20,21,23,24 + 04",372460178.0,2773122333.0,,,,
2024009,2024-01-21(日),"01,04,07,10,17,23 + 14",409759128.0,2725560627.0,,,,
2024008,2024-01-18(四),"08,20,21,23,27,30 + 13",390103204.0,2680260839.0,,,,
2024007,2024-01-16(二),"04,05,06,07,20,22 + 15",391831746.0,2644219785.0,,,,
2024006,2024-01-14(日),"07,18,20,21,26,32 + 05",430067550.0,2606624464.0,,,,
2024005,2024-01-11(四),"05,06,20,23,25,32 + 03",407820678.0,2593104612.0,,,,
2024004,2024-01-09(二),"09,13,17,18,21,27 + 04",397770990.0,2543934511.0,,,,
2024003,2024-01-07(日),"01,05,08,13,32,33 + 03",428830208.0,2538504530.0,,,,
2024002,2024-01-04(四),"04,09,10,17,19,20 + 09",402054502.0,2540785162.0,,,,
2024001,2024-01-02(二),"03,07,16,26,27,32 + 16",397951464.0,2653241738.0,,,,
2023151,2023-12-31(日),"01,15,16,20,25,27 + 05",452958034.0,2626575547.0,,,,
2023150,2023-12-28(四),"10,17,25,26,30,33 + 05",411922624.0,2599366995.0,,,,
2023149,2023-12-26(二),"02,10,19,24,26,33 + 15",405361488.0,2575173968.0,,,,
2023148,2023-12-24(日),"03,05,07,09,19,20 + 08",454223900.0,2527599376.0,,,,
2023147,2023-12-21(四),"05,06,14,16,19,32 + 12",432874498.0,2678144078.0,,,,
2023146,2023-12-19(二),"02,03,06,11,20,32 + 09",449833942.0,2661725786.0,,,,
2023145,2023-12-17(日),"07,10,21,22,23,24 + 11",488324570.0,2658009357.0,,,,
2023144,2023-12-14(四),"12,16,17,22,25,27 + 08",461560620.0,2624782779.0,,,,
2023143,2023-12-12(二),"05,07,09,16,23,30 + 15",460243432.0,2625542196.0,,,,
2023142,2023-12-10(日),"02,08,20,21,27,33 + 14",507406422.0,2715709193.0,,,,
2023141,2023-12-07(四),"01,08,11,12,21,23 + 03",493963074.0,2628135529.0,,,,
2023140,2023-12-05(二),"03,04,11,14,30,31 + 05",480392100.0,2606606136.0,,,,
2023139,2023-12-03(日),"12,14,19,21,27,31 + 11",521719600.0,2599513870.0,,,,
2023138,2023-11-30(四),"03,22,28,30,31,33 + 04",492601986.0,2548652101.0,,,,
2023137,2023-11-28(二),"03,12,17,19,23,27 + 11",492348152.0,2467775081.0,,,,
2023136,2023-11-26(日),"03,05,10,21,22,26 + 10",525192790.0,2438516168.0,,,,
2023135,2023-11-23(四),"05,06,11,13,28,30 + 07",486609550.0,2481542330.0,,,,
2023134,2023-11-21(二),"05,08,09,17,22,33 + 04",484355844.0,2554169624.0,,,,
2023133,2023-11-19(日),"04,05,10,14,22,25 + 03",517770956.0,2625290582.0,,,,
2023132,2023-11-16(四),"03,09,11,15,25,27 + 01",474511672.0,2639577950.0,,,,
2023131,2023-11-14(二),"06,07,14,20,26,32 + 01",466031504.0,2691287209.0,,,,
2023130,2023-11-12(日),"04,10,17,22,23,32 + 16",497696868.0,2644338946.0,,,,
2023129,2023-11-09(四),"08,09,12,17,32,33 + 04",473959588.0,2553859029.0,,,,
2023128,2023-11-07(二),"07,16,20,21,27,33 + 01",381237932.0,2503346700.0,,,,
2023127,2023-11-05(日),"03,08,19,22,26,32 + 14",415967168.0,2483723142.0,,,,
2023126,2023-11-02(四),"10,24,26,28,29,31 + 16",394649530.0,2481110827.0,,,,
2023125,2023-10-31(二),"11,14,15,27,30,33 + 04",386307316.0,2449910182.0,,,,
2023124,2023-10-29(日),"02,03,17,18,25,30 + 11",417825112.0,2400872645.0,,,,
2023123,2023-10-26(四),"10,13,15,22,29,32 + 15",385283048.0,2392642136.0,,,,
2023122,2023-10-24(二),"07,08,14,18,20,30 + 05",383794308.0,2396234235.0,,,,
2023121,2023-10-22(日),"02,12,16,25,30,31 + 12",412907242.0,2394462620.0,,,,
2023120,2023-10-19(四),"03,08,13,24,27,29 + 08",382480862.0,2372742600.0,,,,
2023119,2023-10-17(二),"01,02,03,19,21,28 + 15",379869478.0,2404112623.0,,,,
2023118,2023-10-15(日),"01,02,11,19,25,29 + 04",416077564.0,2354656592.0,,,,
2023117,2023-10-12(四),"02,11,14,17,18,28 + 08",382441836.0,2344668961.0,,,,
2023116,2023-10-10(二),"02,08,09,13,24,27 + 12",373229184.0,2358302682.0,,,,
2023115,2023-10-08(日),"02,07,16,21,26,27 + 16",399381218.0,2367018008.0,,,,
2023114,2023-10-05(四),"07,09,15,16,17,26 + 09",370562742.0,2371779513.0,,,,
2023113,2023-09-28(四),"01,02,13,18,25,27 + 03",373161172.0,2374279095.0,,,,
2023112,2023-09-26(二),"09,12,13,22,24,31 + 04",369828352.0,2367099281.0,,,,
2023111,2023-09-24(日),"05,06,12,17,20,33 + 09",404303630.0,2374902077.0,,,,
2023110,2023-09-21(四),"02,06,20,25,29,33 + 16",375580258.0,2339391685.0,,,,
2023109,2023-09-19(二),"06,08,10,13,16,28 + 13",372318810.0,2303849540.0,,,,
2023108,2023-09-17(日),"01,03,06,08,18,24 + 09",414140392.0,2257216493.0,,,,
2023107,2023-09-14(四),"03,07,18,25,29,33 + 14",377747376.0,2284128424.0,,,,
2023106,2023-09-12(二),"07,09,10,20,22,24 + 07",375981944.0,2266428564.0,,,,
2023105,2023-09-10(日),"01,03,05,26,30,32 + 16",405852212.0,2246893587.0,,,,
2023104,2023-09-07(四),"10,19,23,25,30,31 + 12",371735912.0,2183510069.0,,,,
2023103,2023-09-05(二),"05,06,13,24,25,29 + 15",370559376.0,2132500020.0,,,,
2023102,2023-09-03(日),"01,09,10,13,21,28 + 10",408618502.0,2075541857.0,,,,
2023101,2023-08-31(四),"01,05,09,15,18,26 + 04",370629284.0,2081108979.0,,,,
2023100,2023-08-29(二),"05,06,12,15,23,25 + 04",359711540.0,2031278380.0,,,,
2023099,2023-08-27(日),"09,11,14,19,27,33 + 05",390452378.0,2086416405.0,,,,
2023098,2023-08-24(四),"02,10,11,14,21,27 + 11",362199042.0,2118259570.0,,,,
2023097,2023-08-22(二),"01,09,14,19,29,30 + 15",357725994.0,2128843885.0,,,,
2023096,2023-08-20(日),"08,11,18,26,31,32 + 15",387715200.0,2146953645.0,,,,
2023095,2023-08-17(四),"03,08,16,17,22,26 + 11",357870744.0,2125574043.0,,,,
2023094,2023-08-15(二),"06,10,12,14,30,31 + 12",353863692.0,2190138271.0,,,,
2023093,2023-08-13(日),"10,21,24,25,27,32 + 07",382160878.0,2202132520.0,,,,
2023092,2023-08-10(四),"03,12,24,25,32,33 + 13",357345052.0,2139476134.0,,,,
2023091,2023-08-08(二),"16,20,22,26,30,32 + 16",358375594.0,2110673283.0,,,,
2023090,2023-08-06(日),"01,02,09,26,30,31 + 07",384947064.0,2090904684.0,,,,
2023089,2023-08-03(四),"08,13,15,27,28,31 + 11",354904960.0,2063540939.0,,,,
2023088,2023-08-01(二),"01,14,18,26,31,33 + 05",350096092.0,2115425117.0,,,,
2023087,2023-07-30(日),"02,09,15,17,28,33 + 01",381153750.0,2137498144.0,,,,
2023086,2023-07-27(四),"08,09,10,22,26,32 + 12",357436118.0,2121686796.0,,,,
2023085,2023-07-25(二),"11,18,23,24,31,33 + 13",356240472.0,2125713507.0,,,,
2023084,2023-07-23(日),"09,13,14,17,19,27 + 03",386580634.0,2103633553.0,,,,
2023083,2023-07-20(四),"07,10,12,16,17,30 + 12",360195880.0,2071700320.0,,,,
2023082,2023-07-18(二),"04,18,19,24,27,30 + 16",355121956.0,2056167572.0,,,,
2023081,2023-07-16(日),"01,11,15,16,22,31 + 15",387109286.0,2080743000.0,,,,
2023080,2023-07-13(四),"01,02,04,09,25,31 + 08",363086950.0,2052579114.0,,,,
2023079,2023-07-11(二),"05,06,09,12,21,22 + 07",352893610.0,2047443072.0,,,,
2023078,2023-07-09(日),"06,08,14,19,30,31 + 08",376825490.0,2250465082.0,,,,
2023077,2023-07-06(四),"07,09,14,22,26,27 + 01",351174612.0,2334509163.0,,,,
2023076,2023-07-04(二),"03,04,15,18,19,22 + 09",349981630.0,2322659300.0,,,,
2023075,2023-07-02(日),"13,15,24,28,30,31 + 01",382962350.0,2313625531.0,,,,
2023074,2023-06-29(四),"02,08,09,18,19,21 + 03",358471886.0,2310559345.0,,,,
2023073,2023-06-27(二),"01,03,15,16,25,32 + 10",360075550.0,2285628386.0,,,,
2023072,2023-06-25(日),"02,06,10,24,25,33 + 09",390203400.0,2257958066.0,,,,
2023071,2023-06-22(四),"05,12,15,19,24,26 + 06",335357710.0,2261306658.0,,,,
2023070,2023-06-20(二),"03,05,25,31,32,33 + 04",358436376.0,2298227329.0,,,,
2023069,2023-06-18(日),"12,14,17,20,21,26 + 02",396617204.0,2216379497.0,,,,
2023068,2023-06-15(四),"11,12,15,18,29,33 + 02",370869162.0,2178451698.0,,,,
2023067,2023-06-13(二),"01,03,12,19,28,32 + 14",364444632.0,2103312244.0,,,,
2023066,2023-06-11(日),"02,07,08,10,26,31 + 06",393592226.0,2060647554.0,,,,
2023065,2023-06-08(四),"02,14,17,20,26,33 + 14",364732942.0,2102299471.0,,,,
2023064,2023-06-06(二),"01,07,11,12,16,18 + 04",358055754.0,2081628784.0,,,,
2023063,2023-06-04(日),"04,08,17,20,22,27 + 13",390718820.0,2130039756.0,,,,
2023062,2023-06-01(四),"11,19,23,24,26,33 + 15",359921314.0,2083569496.0,,,,
2023061,2023-05-30(二),"01,04,06,11,12,22 + 15",365432766.0,2002747701.0,,,,
2023060,2023-05-28(日),"09,11,17,19,30,31 + 11",402713176.0,1949837133.0,,,,
2023059,2023-05-25(四),"02,06,13,22,27,32 + 06",374631364.0,1922748082.0,,,,
2023058,2023-05-23(二),"10,17,22,26,30,33 + 11",372662796.0,2029768036.0,,,,
2023057,2023-05-21(日),"02,05,10,17,24,32 + 03",396913794.0,2012616989.0,,,,
2023056,2023-05-18(四),"08,14,15,18,23,33 + 08",372532958.0,2067478767.0,,,,
2023055,2023-05-16(二),"03,04,20,23,27,32 + 13",370786668.0,2076855754.0,,,,
2023054,2023-05-14(日),"05,06,09,10,15,26 + 12",394464450.0,2012386157.0,,,,
2023053,2023-05-11(四),"01,07,14,20,27,30 + 15",364282626.0,2004355202.0,,,,
2023052,2023-05-09(二),"03,04,05,08,12,17 + 06",358038114.0,1998828962.0,,,,
2023051,2023-05-07(日),"22,26,29,30,32,33 + 14",388332454.0,2041647521.0,,,,
2023050,2023-05-04(四),"02,07,09,14,22,23 + 05",359185180.0,1975368056.0,,,,
2023049,2023-05-02(二),"05,07,14,23,25,27 + 02",328857030.0,1961601481.0,,,,
2023048,2023-04-30(日),"02,03,10,24,28,30 + 08",362109840.0,1949270613.0,,,,
2023047,2023-04-27(四),"05,07,14,23,31,33 + 07",373486114.0,1990369107.0,,,,
2023046,2023-04-25(二),"06,08,17,25,26,28 + 03",364967218.0,2028047147.0,,,,
2023045,2023-04-23(日),"03,06,12,21,27,28 + 04",398638950.0,2001600001.0,,,,
2023044,2023-04-20(四),"02,08,15,22,24,26 + 16",375494004.0,2012948026.0,,,,
2023043,2023-04-18(二),"05,08,12,20,24,28 + 10",370609676.0,1996962618.0,,,,
2023042,2023-04-16(日),"10,17,20,23,27,30 + 10",406450374.0,2044443036.0,,,,
2023041,2023-04-13(四),"01,06,12,13,15,24 + 06",379030400.0,2049048265.0,,,,
2023040,2023-04-11(二),"09,16,17,24,29,31 + 08",372777348.0,2006881397.0,,,,
2023039,2023-04-09(日),"02,03,09,13,19,28 + 09",409186858.0,1976860679.0,,,,
2023038,2023-04-06(四),"02,09,14,17,31,33 + 08",368841578.0,1948188487.0,,,,
2023037,2023-04-04(二),"08,23,25,26,29,31 + 12",357460864.0,1956183761.0,,,,
2023036,2023-04-02(日),"13,14,18,19,24,30 + 09",402105258.0,1993133574.0,,,,
2023035,2023-03-30(四),"01,04,09,10,20,33 + 06",376157550.0,2075773039.0,,,,
2023034,2023-03-28(二),"02,03,09,11,12,17 + 15",371464196.0,2074219579.0,,,,
2023033,2023-03-26(日),"08,09,13,23,24,26 + 05",407044870.0,2042293077.0,,,,
2023032,2023-03-23(四),"06,19,20,26,28,33 + 01",378271328.0,2004521709.0,,,,
2023031,2023-03-21(二),"07,14,27,29,31,33 + 05",377795536.0,2031724589.0,,,,
2023030,2023-03-19(日),"02,03,07,16,30,31 + 06",407635670.0,1984712961.0,,,,
2023029,2023-03-16(四),"03,07,12,24,28,33 + 08",373970632.0,1968119308.0,,,,
2023028,2023-03-14(二),"05,07,10,17,20,22 + 14",378131048.0,1940352740.0,,,,
2023027,2023-03-12(日),"08,10,22,27,32,33 + 08",405939502.0,1887143965.0,,,,
2023026,2023-03-09(四),"01,18,26,30,31,33 + 03",382398740.0,1865260832.0,,,,
2023025,2023-03-07(二),"04,16,20,21,31,32 + 14",383537242.0,1861412948.0,,,,
2023024,2023-03-05(日),"03,06,09,17,27,28 + 03",424465912.0,1857117376.0,,,,
2023023,2023-03-02(四),"05,08,10,15,24,25 + 09",394377912.0,1904715322.0,,,,
2023022,2023-02-28(二),"10,11,18,19,23,31 + 03",393991274.0,2109715322.0,,,,
2023021,2023-02-26(日),"02,05,06,19,21,27 + 04",430229092.0,2042737116.0,,,,
2023020,2023-02-23(四),"01,12,17,18,26,27 + 05",394774502.0,2083313411.0,,,,
2023019,2023-02-21(二),"06,12,26,28,29,32 + 15",399695170.0,2024791190.0,,,,
2023018,2023-02-19(日),"10,12,17,19,25,31 + 13",428078014.0,1996089903.0,,,,
2023017,2023-02-16(四),"05,11,18,20,26,28 + 12",385010210.0,1912869860.0,,,,
2023016,2023-02-14(二),"14,16,19,23,28,30 + 03",363237418.0,1890499018.0,,,,
2023015,2023-02-12(日),"02,03,14,21,29,32 + 08",392727530.0,1840337997.0,,,,
2023014,2023-02-09(四),"06,07,18,23,27,30 + 05",354854954.0,1855218930.0,,,,
2023013,2023-02-07(二),"06,10,14,22,23,33 + 13",351959204.0,1832147989.0,,,,
2023012,2023-02-05(日),"03,04,07,22,26,30 + 06",377681908.0,1776074467.0,,,,
2023011,2023-02-02(四),"06,07,16,17,21,22 + 04",344777252.0,1790457577.0,,,,
2023010,2023-01-31(二),"04,05,13,18,27,29 + 12",335698884.0,1813355120.0,,,,
2023009,2023-01-29(日),"03,04,19,23,30,32 + 06",370445322.0,1812003410.0,,,,
2023008,2023-01-17(二),"05,13,18,20,26,28 + 06",367864780.0,1753087580.0,,,,
2023007,2023-01-15(日),"05,06,09,22,25,31 + 03",357680590.0,1745872298.0,,,,
2023006,2023-01-12(四),"02,10,12,14,24,26 + 05",341187596.0,1711353726.0,,,,
2023005,2023-01-10(二),"02,06,08,13,14,19 + 16",331127174.0,1726038229.0,,,,
2023004,2023-01-08(日),"01,07,15,16,20,25 + 16",362777504.0,1670832253.0,,,,
2023003,2023-01-05(四),"05,08,18,25,30,32 + 06",332514694.0,1656261800.0,,,,
2023002,2023-01-03(二),"02,06,10,16,18,22 + 13",317440920.0,1652047889.0,,,,
2023001,2023-01-01(日),"09,16,18,22,28,32 + 02",349018800.0,1631485850.0,,,,
2022150,2022-12-29(四),"01,07,11,12,22,28 + 05",322732470.0,1613770461.0,,,,
2022149,2022-12-27(二),"02,22,26,29,32,33 + 14",305443962.0,1619210281.0,,,,
2022148,2022-12-25(日),"02,15,16,17,21,31 + 14",328466772.0,1596182866.0,,,,
2022147,2022-12-22(四),"02,03,07,13,20,30 + 10",308727648.0,1587565859.0,,,,
2022146,2022-12-20(二),"06,07,13,18,26,31 + 06",319241960.0,1643604313.0,,,,
2022145,2022-12-18(日),"03,21,25,30,31,33 + 11",366333090.0,1651431252.0,,,,
2022144,2022-12-15(四),"07,20,22,23,31,32 + 05",400859910.0,1615187506.0,,,,
2022143,2022-12-13(二),"07,08,13,29,30,33 + 03",397641696.0,1612687877.0,,,,
2022142,2022-12-11(日),"01,03,13,16,21,27 + 03",440572602.0,1636406391.0,,,,
2022141,2022-12-08(四),"05,12,13,17,20,27 + 14",415110854.0,1674155872.0,,,,
2022140,2022-12-06(二),"08,09,18,19,20,27 + 15",397499610.0,1702647485.0,,,,
2022139,2022-12-04(日),"06,07,09,16,17,19 + 14",421220444.0,1751181135.0,,,,
2022138,2022-12-01(四),"02,14,19,21,25,28 + 11",382295872.0,1744972360.0,,,,
2022137,2022-11-29(二),"08,21,23,27,28,33 + 01",380398430.0,1696427005.0,,,,
2022136,2022-11-27(日),"08,10,14,15,18,22 + 08",412826960.0,1678628784.0,,,,
2022135,2022-11-24(四),"09,11,13,24,28,32 + 06",402652460.0,1733838061.0,,,,
2022134,2022-11-22(二),"01,05,14,17,24,31 + 14",404859714.0,1728998506.0,,,,
2022133,2022-11-20(日),"05,08,16,17,21,25 + 12",457083562.0,1713363599.0,,,,
2022132,2022-11-17(四),"01,03,18,26,32,33 + 04",439981994.0,1698530418.0,,,,
2022131,2022-11-15(二),"03,05,10,13,19,29 + 06",425292626.0,1640635486.0,,,,
2022130,2022-11-13(日),"02,08,15,17,26,28 + 12",446023212.0,1689813201.0,,,,
2022129,2022-11-10(四),"10,12,14,22,24,27 + 07",430007836.0,1908461423.0,,,,
2022128,2022-11-08(二),"03,12,18,24,27,29 + 01",420999886.0,1889014542.0,,,,
2022127,2022-11-06(日),"03,04,09,10,29,33 + 13",455409958.0,1869259580.0,,,,
2022126,2022-11-03(四),"01,13,15,17,26,33 + 13",436137344.0,1807038683.0,,,,
2022125,2022-11-01(二),"02,03,07,12,20,31 + 16",429659904.0,1762667038.0,,,,
2022124,2022-10-30(日),"05,10,13,18,24,26 + 01",383396494.0,1740587803.0,,,,
2022123,2022-10-27(四),"10,13,16,20,21,25 + 05",360850820.0,1693327054.0,,,,
2022122,2022-10-25(二),"06,08,17,19,24,28 + 05",350001646.0,1677059125.0,,,,
2022121,2022-10-23(日),"12,17,22,27,30,31 + 02",380066114.0,1769892531.0,,,,
2022120,2022-10-20(四),"02,15,19,26,27,29 + 02",355500194.0,1742358177.0,,,,
2022119,2022-10-18(二),"02,05,15,18,26,27 + 04",341495720.0,1899873541.0,,,,
2022118,2022-10-16(日),"02,06,07,11,14,33 + 08",374309728.0,1910541782.0,,,,
2022117,2022-10-13(四),"04,13,17,18,28,29 + 06",345578024.0,1901177457.0,,,,
2022116,2022-10-11(二),"08,14,26,27,30,33 + 01",337975208.0,1923415752.0,,,,
2022115,2022-10-09(日),"06,07,18,20,27,29 + 09",359461828.0,1849681926.0,,,,
2022114,2022-10-06(四),"01,05,15,19,26,29 + 13",347069064.0,1986647604.0,,,,
2022113,2022-09-29(四),"13,14,20,24,27,29 + 02",363604180.0,1991635746.0,,,,
2022112,2022-09-27(二),"03,05,08,17,25,31 + 01",348893862.0,1937385782.0,,,,
2022111,2022-09-25(日),"02,10,11,13,28,31 + 01",385923798.0,1901720272.0,,,,
2022110,2022-09-22(四),"09,13,15,18,20,28 + 15",352346658.0,1836366779.0,,,,
2022109,2022-09-20(二),"04,11,13,19,22,33 + 11",349805376.0,1811161575.0,,,,
2022108,2022-09-18(日),"01,07,13,17,18,31 + 15",379260702.0,1790162397.0,,,,
2022107,2022-09-15(四),"03,09,11,15,19,28 + 16",342747048.0,1794077479.0,,,,
2022106,2022-09-13(二),"17,20,22,23,24,31 + 01",336123528.0,1800820638.0,,,,
2022105,2022-09-11(日),"06,12,13,15,21,23 + 15",357410590.0,1747497631.0,,,,
2022104,2022-09-08(四),"01,08,19,25,26,31 + 01",337087306.0,1704610228.0,,,,
2022103,2022-09-06(二),"06,09,12,14,20,28 + 10",331343836.0,1753950406.0,,,,
2022102,2022-09-04(日),"09,10,12,18,29,32 + 14",360805992.0,1772160912.0,,,,
2022101,2022-09-01(四),"04,16,18,19,27,28 + 04",342584116.0,1742459306.0,,,,
2022100,2022-08-30(二),"02,06,07,15,20,21 + 15",338953236.0,1869582122.0,,,,
2022099,2022-08-28(日),"01,11,23,24,26,32 + 15",368635154.0,1867860655.0,,,,
2022098,2022-08-25(四),"02,03,04,06,21,33 + 05",339839938.0,1853286941.0,,,,
2022097,2022-08-23(二),"04,05,10,13,30,31 + 14",339168020.0,1876944863.0,,,,
2022096,2022-08-21(日),"03,16,17,19,25,33 + 07",374401638.0,1824688735.0,,,,
2022095,2022-08-18(四),"04,13,14,18,20,28 + 08",339954958.0,2028343930.0,,,,
2022094,2022-08-16(二),"06,11,13,16,19,31 + 02",333751422.0,2024071723.0,,,,
2022093,2022-08-14(日),"21,22,24,28,29,32 + 14",363673578.0,1991811868.0,,,,
2022092,2022-08-11(四),"07,10,16,20,21,27 + 11",337222664.0,1927997908.0,,,,
2022091,2022-08-09(二),"08,18,20,22,24,28 + 10",335981918.0,1983706692.0,,,,
2022090,2022-08-07(日),"01,04,25,27,29,30 + 07",365943774.0,1985834009.0,,,,
2022089,2022-08-04(四),"02,07,15,29,31,33 + 15",342434670.0,2006110048.0,,,,
2022088,2022-08-02(二),"03,09,15,17,20,22 + 06",340253450.0,1970007210.0,,,,
2022087,2022-07-31(日),"05,06,09,13,23,25 + 08",370042706.0,2038263308.0,,,,
2022086,2022-07-28(四),"01,04,08,21,23,24 + 11",345421240.0,2050676797.0,,,,
2022085,2022-07-26(二),"07,09,14,31,32,33 + 13",341538762.0,2041516396.0,,,,
2022084,2022-07-24(日),"03,18,23,24,25,32 + 09",368808592.0,2055734480.0,,,,
2022083,2022-07-21(四),"08,12,13,14,19,20 + 05",347550570.0,2040473284.0,,,,
2022082,2022-07-19(二),"04,10,11,23,30,32 + 14",347371994.0,2063526963.0,,,,
2022081,2022-07-17(日),"04,08,11,21,27,30 + 01",373064250.0,2018613381.0,,,,
2022080,2022-07-14(四),"05,12,15,17,18,27 + 04",342797508.0,1986021667.0,,,,
2022079,2022-07-12(二),"01,09,15,17,22,23 + 16",341273762.0,1982330237.0,,,,
2022078,2022-07-10(日),"01,04,05,15,17,31 + 09",366650644.0,1919037561.0,,,,
2022077,2022-07-07(四),"03,17,18,19,20,27 + 16",345118818.0,1909641199.0,,,,
2022076,2022-07-05(二),"08,09,10,13,24,29 + 02",342718328.0,1930610784.0,,,,
2022075,2022-07-03(日),"01,02,04,25,26,30 + 10",379959636.0,1946747172.0,,,,
2022074,2022-06-30(四),"05,07,15,19,29,33 + 15",354915638.0,1928690407.0,,,,
2022073,2022-06-28(二),"06,10,14,15,26,29 + 12",352213628.0,1902372906.0,,,,
2022072,2022-06-26(日),"05,14,15,16,18,32 + 12",385506202.0,1879381753.0,,,,
2022071,2022-06-23(四),"04,07,15,18,29,33 + 01",354289328.0,1866155263.0,,,,
2022070,2022-06-21(二),"04,06,09,27,28,33 + 02",356598990.0,1847642672.0,,,,
2022069,2022-06-19(日),"06,07,13,19,26,29 + 08",380359658.0,1839751672.0,,,,
2022068,2022-06-16(四),"07,12,15,24,26,29 + 06",354071622.0,1911353650.0,,,,
2022067,2022-06-14(二),"01,05,13,21,26,29 + 15",347891686.0,1899875782.0,,,,
2022066,2022-06-12(日),"06,11,14,20,27,30 + 09",370987262.0,1900729226.0,,,,
2022065,2022-06-09(四),"09,14,18,23,28,31 + 02",348395414.0,2051850948.0,,,,
2022064,2022-06-07(二),"04,06,12,13,17,31 + 16",340689068.0,2025619908.0,,,,
2022063,2022-06-05(日),"06,08,09,17,22,31 + 11",360023818.0,2036171824.0,,,,
2022062,2022-06-02(四),"16,18,20,21,23,33 + 05",329515310.0,2113191829.0,,,,
2022061,2022-05-31(二),"01,03,16,18,29,33 + 06",331252342.0,2089196019.0,,,,
2022060,2022-05-29(日),"16,18,19,24,28,32 + 01",361140396.0,2044441141.0,,,,
2022059,2022-05-26(四),"06,09,18,19,29,33 + 06",340378840.0,1985420373.0,,,,
2022058,2022-05-24(二),"06,13,14,23,31,33 + 01",336926030.0,2046143432.0,,,,
2022057,2022-05-22(日),"12,15,20,26,30,33 + 16",378857894.0,2045497453.0,,,,
2022056,2022-05-19(四),"01,06,11,14,17,26 + 15",352329270.0,2004226992.0,,,,
2022055,2022-05-17(二),"02,04,09,26,28,33 + 03",350153658.0,1971539174.0,,,,
2022054,2022-05-15(日),"08,12,21,27,28,33 + 11",391678014.0,1941352325.0,,,,
2022053,2022-05-12(四),"10,14,18,23,27,33 + 15",356510652.0,2046352325.0,,,,
2022052,2022-05-10(二),"07,24,27,29,31,32 + 15",359187786.0,1997206997.0,,,,
2022051,2022-05-08(日),"02,05,11,17,21,33 + 01",389679034.0,1951616776.0,,,,
2022050,2022-05-05(四),"03,05,08,14,27,33 + 08",363371278.0,1916892944.0,,,,
2022049,2022-05-03(二),"02,04,07,18,25,26 + 10",337463590.0,1949357745.0,,,,
2022048,2022-05-01(日),"05,07,17,20,26,31 + 14",357972850.0,1882359418.0,,,,
2022047,2022-04-28(四),"03,07,08,14,27,30 + 09",360230056.0,1833014021.0,,,,
2022046,2022-04-26(二),"02,11,24,25,27,30 + 14",358743356.0,1901913181.0,,,,
2022045,2022-04-24(日),"03,12,17,18,19,28 + 04",389120778.0,1885303642.0,,,,
2022044,2022-04-21(四),"01,07,08,21,23,29 + 06",362459788.0,1872712376.0,,,,
2022043,2022-04-19(二),"02,17,20,23,25,27 + 08",350215018.0,1883060805.0,,,,
2022042,2022-04-17(日),"05,10,11,21,22,30 + 13",376726628.0,1885518647.0,,,,
2022041,2022-04-14(四),"05,07,21,22,24,29 + 14",348280000.0,1878895566.0,,,,
2022040,2022-04-12(二),"03,12,14,16,31,33 + 12",343211044.0,1832633915.0,,,,
2022039,2022-04-10(日),"02,06,07,10,15,20 + 05",375104494.0,1873384741.0,,,,
2022038,2022-04-07(四),"09,12,13,16,24,32 + 04",348860576.0,1841833878.0,,,,
2022037,2022-04-05(二),"01,10,13,20,22,32 + 14",332623306.0,1812767035.0,,,,
2022036,2022-04-03(日),"02,03,14,16,26,31 + 02",362126634.0,1760101650.0,,,,
2022035,2022-03-31(四),"08,12,13,19,23,25 + 15",353577746.0,1736599330.0,,,,
2022034,2022-03-29(二),"14,17,26,31,32,33 + 10",361289854.0,1729816605.0,,,,
2022033,2022-03-27(日),"05,12,19,22,25,26 + 05",392018786.0,1724489453.0,,,,
2022032,2022-03-24(四),"04,10,11,14,23,32 + 07",365937174.0,1723412804.0,,,,
2022031,2022-03-22(二),"01,10,11,22,26,32 + 07",353060708.0,1696267600.0,,,,
2022030,2022-03-20(日),"12,23,24,26,27,30 + 05",376910184.0,1797209652.0,,,,
2022029,2022-03-17(四),"03,08,10,13,26,32 + 08",354275468.0,1840565291.0,,,,
2022028,2022-03-15(二),"05,11,20,22,23,29 + 09",359741624.0,1854403191.0,,,,
2022027,2022-03-13(日),"14,15,18,19,26,32 + 09",407429120.0,1850108360.0,,,,
2022026,2022-03-10(四),"03,04,10,15,22,24 + 02",390646552.0,1820096321.0,,,,
2022025,2022-03-08(二),"06,19,24,25,28,32 + 04",380028752.0,1800801596.0,,,,
2022024,2022-03-06(日),"07,09,10,14,19,24 + 15",412478136.0,1733800692.0,,,,
2022023,2022-03-03(四),"07,12,17,19,24,25 + 02",386299738.0,1667173674.0,,,,
2022022,2022-03-01(二),"01,07,11,15,17,19 + 06",374172850.0,1651680455.0,,,,
2022021,2022-02-27(日),"03,07,22,24,26,31 + 14",413793268.0,1653333569.0,,,,
2022020,2022-02-24(四),"09,11,14,22,30,32 + 01",376104336.0,1660696455.0,,,,
2022019,2022-02-22(二),"05,06,14,20,21,25 + 08",374092592.0,1587422145.0,,,,
2022018,2022-02-20(日),"07,11,16,17,30,32 + 16",392699896.0,1612631799.0,,,,
2022017,2022-02-17(四),"06,09,24,29,30,32 + 07",367332144.0,1541904440.0,,,,
2022016,2022-02-15(二),"05,10,19,20,29,31 + 14",370604868.0,1515799969.0,,,,
2022015,2022-02-13(日),"06,14,16,27,28,31 + 07",387014176.0,1541699154.0,,,,
2022014,2022-02-10(四),"06,07,13,14,15,27 + 04",353937416.0,1544973715.0,,,,
2022013,2022-02-08(二),"02,03,04,07,10,18 + 15",376000418.0,1526180218.0,,,,
2022012,2022-01-27(四),"04,07,08,29,30,31 + 01",432967098.0,1457999052.0,,,,
2022011,2022-01-25(二),"06,15,23,24,25,33 + 15",379627650.0,1445932371.0,,,,
2022010,2022-01-23(日),"12,18,19,20,21,32 + 15",403819420.0,1396071026.0,,,,
2022009,2022-01-20(四),"04,15,17,19,25,28 + 16",381172430.0,1375659920.0,,,,
2022008,2022-01-18(二),"02,03,07,09,20,21 + 13",377713752.0,1295623770.0,,,,
2022007,2022-01-16(日),"01,20,22,23,25,28 + 16",417998504.0,1254497537.0,,,,
2022006,2022-01-13(四),"03,06,09,15,22,31 + 02",389820756.0,1172781808.0,,,,
2022005,2022-01-11(二),"07,10,12,16,19,31 + 16",388503758.0,1156142875.0,,,,
2022004,2022-01-09(日),"05,19,24,28,30,32 + 14",441401912.0,1091893203.0,,,,
2022003,2022-01-06(四),"02,05,16,17,18,30 + 06",410382612.0,1108650848.0,,,,
2022002,2022-01-04(二),"02,12,21,23,25,31 + 08",408646714.0,1091513907.0,,,,
2022001,2022-01-02(日),"06,13,15,17,20,21 + 03",447434510.0,1079698248.0,,,,
2021150,2021-12-30(四),"09,14,20,21,24,26 + 04",456402254.0,1022824601.0,,,,
2021149,2021-12-28(二),"05,10,15,18,19,32 + 05",425925826.0,1140585301.0,,,,
2021148,2021-12-26(日),"10,12,15,17,19,20 + 08",459686850.0,1117570138.0,,,,
2021147,2021-12-23(四),"05,10,11,13,27,28 + 09",457370132.0,1099867308.0,,,,
2021146,2021-12-21(二),"07,09,21,22,26,32 + 03",480619582.0,1107375000.0,,,,
2021145,2021-12-19(日),"04,07,10,14,16,26 + 09",517254362.0,1064375720.0,,,,
2021144,2021-12-16(四),"02,05,13,15,23,26 + 07",483556078.0,1036483149.0,,,,
2021143,2021-12-14(二),"01,09,11,13,20,29 + 09",475857912.0,1002138181.0,,,,
2021142,2021-12-12(日),"04,07,17,19,20,24 + 16",509166454.0,1142703731.0,,,,
2021141,2021-12-09(四),"01,14,19,23,26,30 + 10",483132724.0,1099283201.0,,,,
2021140,2021-12-07(二),"05,10,16,26,27,33 + 01",479975520.0,1066087178.0,,,,
2021139,2021-12-05(日),"12,14,19,23,24,27 + 01",531219172.0,1090940461.0,,,,
2021138,2021-12-02(四),"11,14,15,16,27,32 + 09",486491502.0,1065047563.0,,,,
2021137,2021-11-30(二),"03,07,10,14,21,24 + 01",474456734.0,1127353431.0,,,,
2021136,2021-11-28(日),"02,06,09,15,19,28 + 16",517068910.0,1148127692.0,,,,
2021135,2021-11-25(四),"03,10,17,19,21,31 + 04",486663630.0,1118152404.0,,,,
2021134,2021-11-23(二),"01,02,16,19,25,31 + 08",472467398.0,1015069784.0,,,,
2021133,2021-11-21(日),"01,03,12,19,27,31 + 10",511607016.0,994690824.0,,,,
2021132,2021-11-18(四),"01,04,06,14,20,28 + 08",490071244.0,973341811.0,,,,
2021131,2021-11-16(二),"08,11,18,19,20,24 + 01",465860738.0,957547844.0,,,,
2021130,2021-11-14(日),"08,09,15,24,26,30 + 06",398037824.0,914060182.0,,,,
2021129,2021-11-11(四),"04,15,21,27,28,29 + 10",365299936.0,929943762.0,,,,
2021128,2021-11-09(二),"05,17,20,21,23,33 + 04",349441520.0,920399839.0,,,,
2021127,2021-11-07(日),"07,15,16,20,27,29 + 07",365976552.0,877334837.0,,,,
2021126,2021-11-04(四),"19,20,23,27,28,31 + 01",358964852.0,877369730.0,,,,
2021125,2021-11-02(二),"14,19,20,23,24,31 + 09",354978672.0,846489745.0,,,,
2021124,2021-10-31(日),"01,03,18,22,29,32 + 02",394848530.0,823606529.0,,,,
2021123,2021-10-28(四),"06,14,15,19,29,31 + 05",366471258.0,798569016.0,,,,
2021122,2021-10-26(二),"04,05,12,15,18,28 + 07",360872924.0,771249437.0,,,,
2021121,2021-10-24(日),"04,05,12,16,22,30 + 15",390361524.0,751815051.0,,,,
2021120,2021-10-21(四),"01,07,08,12,13,18 + 05",355518696.0,734418962.0,,,,
2021119,2021-10-19(二),"03,09,10,11,28,29 + 13",356935346.0,904876996.0,,,,
2021118,2021-10-17(日),"02,06,14,18,20,31 + 13",386079710.0,923998119.0,,,,
2021117,2021-10-14(四),"03,05,17,21,27,33 + 04",358589610.0,896904658.0,,,,
2021116,2021-10-12(二),"06,14,17,18,31,33 + 06",355338790.0,897877549.0,,,,
2021115,2021-10-10(日),"02,10,12,15,24,27 + 08",380172848.0,851679247.0,,,,
2021114,2021-10-07(四),"04,06,08,14,24,27 + 02",337378334.0,837386111.0,,,,
2021113,2021-10-05(二),"04,07,10,22,27,30 + 02",293434838.0,783403562.0,,,,
2021112,2021-09-30(四),"05,06,21,25,28,33 + 07",370338224.0,797853981.0,,,,
2021111,2021-09-28(二),"17,20,22,23,26,28 + 06",358360092.0,883991506.0,,,,
2021110,2021-09-26(日),"10,13,15,24,31,32 + 02",394569218.0,850654756.0,,,,
2021109,2021-09-23(四),"02,03,10,17,20,26 + 16",366715360.0,810527410.0,,,,
2021108,2021-09-21(二),"11,15,18,24,26,32 + 09",339998838.0,781106313.0,,,,
2021107,2021-09-19(日),"02,03,17,19,25,30 + 01",367139964.0,758280964.0,,,,
2021106,2021-09-16(四),"01,04,07,14,30,31 + 03",364122996.0,738077667.0,,,,
2021105,2021-09-14(二),"10,14,15,22,27,32 + 09",357292170.0,712816451.0,,,,
2021104,2021-09-12(日),"01,07,17,20,22,28 + 15",397369092.0,708465505.0,,,,
2021103,2021-09-09(四),"10,13,15,25,29,30 + 15",369736978.0,664617126.0,,,,
2021102,2021-09-07(二),"05,09,15,24,27,30 + 09",357853464.0,599019763.0,,,,
2021101,2021-09-05(日),"02,04,12,22,29,31 + 01",393612094.0,742311198.0,,,,
2021100,2021-09-02(四),"07,09,12,13,14,29 + 16",364068238.0,711544497.0,,,,
2021099,2021-08-31(二),"09,11,17,18,20,27 + 15",353159630.0,694710436.0,,,,
2021098,2021-08-29(日),"01,10,13,18,26,32 + 05",390403928.0,673059288.0,,,,
2021097,2021-08-26(四),"03,11,12,13,25,28 + 12",355020594.0,637412452.0,,,,
2021096,2021-08-24(二),"01,07,11,14,15,26 + 11",349161898.0,822388985.0,,,,
2021095,2021-08-22(日),"08,12,17,24,27,28 + 13",384516464.0,864489999.0,,,,
2021094,2021-08-19(四),"09,11,24,25,28,33 + 15",353340702.0,819842497.0,,,,
2021093,2021-08-17(二),"05,11,15,23,28,33 + 03",346398722.0,746968208.0,,,,
2021092,2021-08-15(日),"02,07,08,10,12,31 + 03",382276564.0,721827132.0,,,,
2021091,2021-08-12(四),"04,06,16,24,26,33 + 16",352636492.0,697092670.0,,,,
2021090,2021-08-10(二),"05,06,12,14,27,28 + 08",340567382.0,658126685.0,,,,
2021089,2021-08-08(日),"01,02,07,13,23,24 + 12",378094626.0,725193394.0,,,,
2021088,2021-08-05(四),"04,12,15,16,19,26 + 06",339080722.0,932658139.0,,,,
2021087,2021-08-03(二),"02,13,16,19,23,24 + 04",335386836.0,926596691.0,,,,
2021086,2021-08-01(日),"06,08,10,14,28,29 + 01",363965626.0,934781421.0,,,,
2021085,2021-07-29(四),"05,06,07,11,14,20 + 02",343883552.0,865785162.0,,,,
2021084,2021-07-27(二),"05,07,09,11,21,28 + 01",338765612.0,836571971.0,,,,
2021083,2021-07-25(日),"04,09,11,25,28,33 + 04",367542044.0,894543509.0,,,,
2021082,2021-07-22(四),"03,06,11,13,26,32 + 05",344368726.0,1007589655.0,,,,
2021081,2021-07-20(二),"01,03,05,18,22,23 + 01",344437194.0,997378346.0,,,,
2021080,2021-07-18(日),"05,08,22,23,24,29 + 09",376533622.0,953249373.0,,,,
2021079,2021-07-15(四),"01,03,10,24,28,29 + 13",345574370.0,976221781.0,,,,
2021078,2021-07-13(二),"04,06,15,26,27,31 + 12",341551308.0,965580237.0,,,,
2021077,2021-07-11(日),"08,15,17,25,27,30 + 10",377616968.0,949366069.0,,,,
2021076,2021-07-08(四),"03,09,21,23,30,32 + 06",347734992.0,963078086.0,,,,
2021075,2021-07-06(二),"12,15,16,21,22,29 + 01",347517338.0,950267665.0,,,,
2021074,2021-07-04(日),"04,05,09,14,25,27 + 07",382266836.0,898477373.0,,,,
2021073,2021-07-01(四),"01,06,18,22,24,25 + 08",353932932.0,936827442.0,,,,
2021072,2021-06-29(二),"01,09,15,16,19,21 + 15",351515940.0,906924437.0,,,,
2021071,2021-06-27(日),"01,07,24,31,32,33 + 08",384399388.0,850234438.0,,,,
2021070,2021-06-24(四),"01,05,11,15,16,29 + 15",356032100.0,840734349.0,,,,
2021069,2021-06-22(二),"06,11,18,20,23,26 + 05",348547620.0,805184330.0,,,,
2021068,2021-06-20(日),"04,14,18,24,31,32 + 15",381950996.0,784841657.0,,,,
2021067,2021-06-17(四),"01,11,19,23,25,29 + 09",352986918.0,749337326.0,,,,
2021066,2021-06-15(二),"02,06,19,26,30,33 + 15",343529368.0,738667046.0,,,,
2021065,2021-06-13(日),"01,04,08,19,29,33 + 16",362527724.0,753364365.0,,,,
2021064,2021-06-10(四),"04,06,08,15,16,18 + 16",353338262.0,688856687.0,,,,
2021063,2021-06-08(二),"04,05,06,09,23,24 + 09",370142008.0,647417696.0,,,,
2021062,2021-06-06(日),"12,13,15,20,22,25 + 10",405763536.0,727417696.0,,,,
2021061,2021-06-03(四),"04,09,12,18,20,23 + 01",376779952.0,694648802.0,,,,
2021060,2021-06-01(二),"10,11,17,20,29,30 + 15",365484344.0,644294438.0,,,,
2021059,2021-05-30(日),"01,09,11,18,32,33 + 14",407754588.0,618904511.0,,,,
2021058,2021-05-27(四),"09,11,13,18,19,28 + 14",382666074.0,520502015.0,,,,
2021057,2021-05-25(二),"05,06,09,17,25,33 + 16",379559152.0,478217025.0,,,,
2021056,2021-05-23(日),"08,21,22,23,29,32 + 01",410076324.0,444149990.0,,,,
2021055,2021-05-20(四),"03,11,12,16,22,28 + 10",376647950.0,425721551.0,,,,
2021054,2021-05-18(二),"07,13,21,22,24,31 + 02",371689954.0,526556537.0,,,,
2021053,2021-05-16(日),"07,10,14,16,24,33 + 16",398009388.0,473183576.0,,,,
2021052,2021-05-13(四),"03,04,06,19,21,30 + 14",376039676.0,413602410.0,,,,
2021051,2021-05-11(二),"08,09,10,19,27,29 + 15",377624458.0,335549357.0,,,,
2021050,2021-05-09(日),"02,09,10,16,25,28 + 08",403433980.0,336133387.0,,,,
2021049,2021-05-06(四),"04,11,13,22,25,32 + 01",375111072.0,409954275.0,,,,
2021048,2021-05-04(二),"04,15,17,22,29,32 + 03",339198590.0,346939552.0,,,,
2021047,2021-05-02(日),"03,07,13,16,24,29 + 01",367123752.0,291180168.0,,,,
2021046,2021-04-29(四),"05,09,13,21,28,33 + 06",377425810.0,255412592.0,,,,
2021045,2021-04-27(二),"01,04,14,15,17,32 + 02",377279966.0,326838472.0,,,,
2021044,2021-04-25(日),"05,07,14,17,26,28 + 13",418973684.0,295504539.0,,,,
2021043,2021-04-22(四),"02,03,17,18,23,24 + 01",389948810.0,243085282.0,,,,
2021042,2021-04-20(二),"05,09,10,22,25,27 + 08",382918124.0,180671046.0,,,,
2021041,2021-04-18(日),"02,09,18,23,26,32 + 14",415676146.0,275032108.0,,,,
2021040,2021-04-15(四),"02,06,07,24,28,29 + 16",385858982.0,499321280.0,,,,
2021039,2021-04-13(二),"02,08,21,24,29,31 + 13",377513042.0,469061553.0,,,,
2021038,2021-04-11(日),"05,07,09,16,18,27 + 06",401665288.0,449879238.0,,,,
2021037,2021-04-08(四),"13,17,19,24,26,30 + 12",374416372.0,565649555.0,,,,
2021036,2021-04-06(二),"01,02,06,11,21,26 + 11",365524430.0,545659537.0,,,,
2021035,2021-04-04(日),"12,14,18,20,26,28 + 11",382205894.0,549868285.0,,,,
2021034,2021-04-01(四),"04,10,12,18,23,25 + 01",377894218.0,530109002.0,,,,
2021033,2021-03-30(二),"02,12,13,14,31,33 + 06",378842354.0,502137377.0,,,,
2021032,2021-03-28(日),"01,05,08,15,16,30 + 03",421020572.0,479350693.0,,,,
2021031,2021-03-25(四),"06,11,21,25,28,31 + 07",389664660.0,474102879.0,,,,
2021030,2021-03-23(二),"08,09,13,27,29,31 + 05",388490602.0,502740835.0,,,,
2021029,2021-03-21(日),"08,10,15,17,22,30 + 12",413514858.0,475507497.0,,,,
2021028,2021-03-18(四),"11,16,23,26,27,33 + 05",387583114.0,527018817.0,,,,
2021027,2021-03-16(二),"05,07,09,16,20,26 + 08",371997822.0,515170584.0,,,,
2021026,2021-03-14(日),"03,05,13,19,20,25 + 03",415303494.0,608709487.0,,,,
2021025,2021-03-11(四),"06,08,14,17,18,30 + 11",370761350.0,962516400.0,,,,
2021024,2021-03-09(二),"01,04,06,10,11,18 + 02",360465214.0,936474051.0,,,,
2021023,2021-03-07(日),"02,21,22,23,27,28 + 11",397987234.0,903402709.0,,,,
2021022,2021-03-04(四),"10,15,17,25,31,32 + 06",361605820.0,871216452.0,,,,
2021021,2021-03-02(二),"04,08,17,24,28,33 + 13",350734702.0,834097039.0,,,,
2021020,2021-02-28(日),"01,03,06,07,09,11 + 02",385685036.0,877930510.0,,,,
2021019,2021-02-25(四),"12,16,17,24,28,29 + 08",351320330.0,916231105.0,,,,
2021018,2021-02-23(二),"02,08,14,23,25,32 + 06",352299530.0,924046536.0,,,,
2021017,2021-02-21(日),"09,15,18,29,32,33 + 02",442443732.0,879807720.0,,,,
2021016,2021-02-07(日),"03,08,09,13,15,18 + 10",447622614.0,844483666.0,,,,
2021015,2021-02-04(四),"06,14,16,26,28,29 + 07",373264066.0,874580915.0,,,,
2021014,2021-02-02(二),"04,15,21,25,29,33 + 06",365029152.0,860487095.0,,,,
2021013,2021-01-31(日),"06,09,12,16,27,31 + 06",403024326.0,812490648.0,,,,
2021012,2021-01-28(四),"03,06,14,18,20,26 + 01",365486356.0,862128803.0,,,,
2021011,2021-01-26(二),"05,10,16,23,27,33 + 14",358439884.0,907192691.0,,,,
2021010,2021-01-24(日),"01,04,11,19,32,33 + 05",394795416.0,976145268.0,,,,
2021009,2021-01-21(四),"02,04,07,24,25,32 + 13",367324734.0,952228282.0,,,,
2021008,2021-01-19(二),"01,05,07,14,18,33 + 07",358122646.0,906339544.0,,,,
2021007,2021-01-17(日),"02,04,12,21,25,32 + 16",389232822.0,885330100.0,,,,
2021006,2021-01-14(四),"06,08,22,24,25,26 + 01",367900704.0,822318331.0,,,,
2021005,2021-01-12(二),"07,09,14,26,30,31 + 04",359757108.0,806944718.0,,,,
2021004,2021-01-10(日),"02,03,07,08,17,22 + 15",396531778.0,824817771.0,,,,
2021003,2021-01-07(四),"06,09,16,18,22,29 + 11",360514540.0,753939585.0,,,,
2021002,2021-01-05(二),"06,10,13,25,26,32 + 11",374374440.0,718352017.0,,,,
2021001,2021-01-03(日),"02,03,13,18,20,31 + 11",411170524.0,710439245.0,,,,
2020134,2020-12-31(四),"02,09,10,20,22,26 + 01",399565532.0,704501324.0,,,,
2020133,2020-12-29(二),"03,19,22,23,27,29 + 07",370330222.0,893973468.0,,,,
2020132,2020-12-27(日),"01,04,11,12,14,23 + 04",425174496.0,839661890.0,,,,
2020131,2020-12-24(四),"08,19,22,26,27,30 + 07",394370394.0,791358796.0,,,,
2020130,2020-12-22(二),"08,09,11,14,17,29 + 16",405085034.0,793700272.0,,,,
2020129,2020-12-20(日),"01,02,05,15,28,33 + 04",428354318.0,786807887.0,,,,
2020128,2020-12-17(四),"08,10,15,16,23,26 + 10",395094864.0,794699858.0,,,,
2020127,2020-12-15(二),"01,04,18,19,26,31 + 07",385288238.0,824075658.0,,,,
2020126,2020-12-13(日),"03,07,12,14,23,28 + 11",423827948.0,823570698.0,,,,
2020125,2020-12-10(四),"05,12,16,26,30,31 + 13",403248064.0,942641447.0,,,,
2020124,2020-12-08(二),"16,18,19,20,29,33 + 12",394367604.0,916453174.0,,,,
2020123,2020-12-06(日),"01,03,18,19,26,29 + 03",442277628.0,869247735.0,,,,
2020122,2020-12-03(四),"12,15,17,24,26,31 + 15",416050434.0,810048147.0,,,,
2020121,2020-12-01(二),"02,04,06,21,25,29 + 03",425615038.0,777556587.0,,,,
2020120,2020-11-29(日),"01,02,03,04,09,10 + 12",470788664.0,738529199.0,,,,
2020119,2020-11-26(四),"01,09,22,28,32,33 + 15",432978556.0,837777744.0,,,,
2020118,2020-11-24(二),"11,13,19,26,30,33 + 05",419968358.0,835737606.0,,,,
2020117,2020-11-22(日),"07,08,09,10,16,27 + 07",460145954.0,785993086.0,,,,
2020116,2020-11-19(四),"05,06,14,16,19,27 + 10",434234564.0,841135768.0,,,,
2020115,2020-11-17(二),"01,04,12,20,25,32 + 02",435736254.0,837138988.0,,,,
2020114,2020-11-15(日),"01,05,11,24,30,32 + 03",476450128.0,757446327.0,,,,
2020113,2020-11-12(四),"01,03,07,10,22,32 + 11",436471868.0,772385388.0,,,,
2020112,2020-11-10(二),"02,09,12,17,28,32 + 05",426910448.0,802000209.0,,,,
2020111,2020-11-08(日),"06,09,17,22,24,26 + 16",459469274.0,808174858.0,,,,
2020110,2020-11-05(四),"02,06,09,14,22,25 + 04",365150166.0,721987721.0,,,,
2020109,2020-11-03(二),"06,13,16,20,23,32 + 13",358593188.0,723801259.0,,,,
2020108,2020-11-01(日),"10,12,15,17,23,32 + 05",398129794.0,793968638.0,,,,
2020107,2020-10-29(四),"03,09,11,24,25,28 + 16",372099740.0,835776030.0,,,,
2020106,2020-10-27(二),"02,04,11,15,18,28 + 10",362151946.0,802335158.0,,,,
2020105,2020-10-25(日),"06,14,19,20,22,24 + 01",399513718.0,837418291.0,,,,
2020104,2020-10-22(四),"04,08,10,16,27,29 + 09",371069028.0,806356097.0,,,,
2020103,2020-10-20(二),"04,09,10,22,28,32 + 08",363566614.0,812186919.0,,,,
2020102,2020-10-18(日),"09,10,19,25,26,29 + 08",385810668.0,837068374.0,,,,
2020101,2020-10-15(四),"10,17,24,25,28,30 + 15",360073112.0,1196363693.0,,,,
2020100,2020-10-13(二),"01,07,15,16,20,23 + 07",352785364.0,1167865459.0,,,,
2020099,2020-10-11(日),"05,06,11,12,15,30 + 12",390640850.0,1181200651.0,,,,
2020098,2020-10-08(四),"06,08,11,22,25,33 + 02",347585130.0,1171889114.0,,,,
2020097,2020-10-06(二),"02,08,21,25,26,30 + 10",352372566.0,1147656700.0,,,,
2020096,2020-09-29(二),"01,20,23,26,27,32 + 15",356787262.0,1228050661.0,,,,
2020095,2020-09-27(日),"03,09,16,17,20,26 + 02",387062108.0,1197849256.0,,,,
2020094,2020-09-24(四),"10,15,17,27,29,31 + 08",357043412.0,1182554395.0,,,,
2020093,2020-09-22(二),"04,05,10,13,15,19 + 15",364874692.0,1159982996.0,,,,
2020092,2020-09-20(日),"01,06,12,18,22,24 + 03",394714558.0,1113718036.0,,,,
2020091,2020-09-17(四),"01,09,11,12,16,19 + 16",362307424.0,1088865952.0,,,,
2020090,2020-09-15(二),"02,21,23,26,31,32 + 06",357200726.0,1090266240.0,,,,
2020089,2020-09-13(日),"02,14,16,21,29,30 + 10",388734662.0,1061368833.0,,,,
2020088,2020-09-10(四),"01,06,12,26,29,30 + 12",359763320.0,1049789346.0,,,,
2020087,2020-09-08(二),"11,15,20,23,25,33 + 10",351393474.0,1066743130.0,,,,
2020086,2020-09-06(日),"02,04,06,15,24,27 + 06",383150704.0,1051310454.0,,,,
2020085,2020-09-03(四),"01,02,05,09,19,24 + 16",349243256.0,1039096893.0,,,,
2020084,2020-09-01(二),"03,07,16,17,23,30 + 07",340223360.0,997837500.0,,,,
2020083,2020-08-30(日),"01,19,25,26,30,31 + 12",375628538.0,1046377044.0,,,,
2020082,2020-08-27(四),"02,08,11,17,21,30 + 09",339738944.0,1025240399.0,,,,
2020081,2020-08-25(二),"01,05,13,14,27,33 + 15",341884184.0,1129524256.0,,,,
2020080,2020-08-23(日),"14,15,18,22,31,33 + 01",375199530.0,1122276717.0,,,,
2020079,2020-08-20(四),"05,12,20,21,22,29 + 14",347031342.0,1058784536.0,,,,
2020078,2020-08-18(二),"03,11,14,16,21,32 + 04",339766446.0,1029746619.0,,,,
2020077,2020-08-16(日),"03,10,16,21,25,27 + 12",376430570.0,960537693.0,,,,
2020076,2020-08-13(四),"10,15,16,18,20,27 + 06",346015916.0,1033084399.0,,,,
2020075,2020-08-11(二),"03,11,13,20,24,30 + 16",342593198.0,1031374526.0,,,,
2020074,2020-08-09(日),"04,08,09,13,19,33 + 12",375478220.0,974585503.0,,,,
2020073,2020-08-06(四),"05,07,11,13,27,29 + 03",344984126.0,949682723.0,,,,
2020072,2020-08-04(二),"06,08,10,15,17,26 + 04",335806408.0,945569865.0,,,,
2020071,2020-08-02(日),"09,11,12,13,22,23 + 08",363190440.0,931954524.0,,,,
2020070,2020-07-30(四),"01,02,04,06,19,21 + 15",343442594.0,953784945.0,,,,
2020069,2020-07-28(二),"03,09,10,13,18,26 + 04",343151528.0,1016346427.0,,,,
2020068,2020-07-26(日),"12,16,21,26,27,32 + 10",376630286.0,996910195.0,,,,
2020067,2020-07-23(四),"04,07,09,23,27,30 + 08",353153516.0,1061790227.0,,,,
2020066,2020-07-21(二),"02,09,13,17,26,28 + 07",352149702.0,1057341835.0,,,,
2020065,2020-07-19(日),"09,15,18,21,23,26 + 08",381062334.0,1090832907.0,,,,
2020064,2020-07-16(四),"01,03,07,21,27,32 + 01",356057386.0,1063056063.0,,,,
2020063,2020-07-14(二),"12,15,16,22,29,32 + 14",357076054.0,991892696.0,,,,
2020062,2020-07-12(日),"10,14,17,22,26,27 + 05",391827962.0,932509919.0,,,,
2020061,2020-07-09(四),"08,17,24,26,27,31 + 04",366447904.0,903858043.0,,,,
2020060,2020-07-07(二),"05,09,14,20,24,30 + 08",356937202.0,837071557.0,,,,
2020059,2020-07-05(日),"02,04,10,17,22,25 + 14",386807160.0,1002178704.0,,,,
2020058,2020-07-02(四),"01,03,11,12,19,26 + 07",356052050.0,958212978.0,,,,
2020057,2020-06-30(二),"09,14,21,23,26,32 + 03",349147892.0,1019998705.0,,,,
2020056,2020-06-28(日),"02,05,08,12,26,31 + 14",380233782.0,984522456.0,,,,
2020055,2020-06-25(四),"01,05,07,23,28,30 + 12",327140694.0,1009674637.0,,,,
2020054,2020-06-23(二),"03,10,19,25,26,31 + 02",338817016.0,1050374135.0,,,,
2020053,2020-06-21(日),"02,14,15,16,32,33 + 01",381666534.0,1057074616.0,,,,
2020052,2020-06-18(四),"02,08,13,29,32,33 + 15",352815504.0,1085336824.0,,,,
2020051,2020-06-16(二),"03,06,08,11,19,28 + 08",342968302.0,1014976572.0,,,,
2020050,2020-06-14(日),"04,09,17,20,32,33 + 15",379409292.0,1101983169.0,,,,
2020049,2020-06-11(四),"01,07,09,12,18,22 + 04",355402476.0,1062851807.0,,,,
2020048,2020-06-09(二),"12,14,18,23,30,32 + 02",351604616.0,1046798674.0,,,,
2020047,2020-06-07(日),"04,10,17,19,28,32 + 01",382084220.0,1021279165.0,,,,
2020046,2020-06-04(四),"13,19,25,26,27,32 + 08",350122868.0,1010760962.0,,,,
2020045,2020-06-02(二),"02,03,15,21,22,33 + 16",348295556.0,1010042406.0,,,,
2020044,2020-05-31(日),"07,08,16,17,19,24 + 07",379328476.0,1042719025.0,,,,
2020043,2020-05-28(四),"01,11,24,25,27,30 + 07",360394276.0,1043134035.0,,,,
2020042,2020-05-26(二),"02,06,07,11,14,31 + 03",345472844.0,1027873219.0,,,,
2020041,2020-05-24(日),"06,07,16,22,24,25 + 13",372422582.0,1005915378.0,,,,
2020040,2020-05-21(四),"01,06,12,16,19,21 + 04",341533118.0,947818891.0,,,,
2020039,2020-05-19(二),"02,09,10,11,16,29 + 02",341609556.0,925841149.0,,,,
2020038,2020-05-17(日),"01,06,07,18,23,24 + 15",374760420.0,922526038.0,,,,
2020037,2020-05-14(四),"01,04,11,13,17,24 + 15",350126486.0,944864355.0,,,,
2020036,2020-05-12(二),"07,09,16,22,24,32 + 06",346455736.0,944994783.0,,,,
2020035,2020-05-10(日),"10,14,24,25,28,33 + 11",371811232.0,911288358.0,,,,
2020034,2020-05-07(四),"02,08,15,16,26,32 + 03",340793680.0,878740204.0,,,,
2020033,2020-05-05(二),"07,10,12,21,31,32 + 01",320555362.0,879873846.0,,,,
2020032,2020-05-03(日),"03,11,13,14,15,26 + 13",338904002.0,843200936.0,,,,
2020031,2020-04-30(四),"02,05,09,15,16,27 + 09",323903392.0,850135149.0,,,,
2020030,2020-04-28(二),"17,18,21,29,30,32 + 03",327786632.0,896891829.0,,,,
2020029,2020-04-26(日),"01,12,18,20,30,32 + 05",364268814.0,835276431.0,,,,
2020028,2020-04-23(四),"05,06,15,18,26,32 + 08",323795596.0,823449380.0,,,,
2020027,2020-04-21(二),"12,13,14,24,25,28 + 06",324196702.0,810989197.0,,,,
2020026,2020-04-19(日),"01,04,09,18,19,31 + 06",349633986.0,769853394.0,,,,
2020025,2020-04-16(四),"01,09,10,15,20,29 + 02",321611812.0,742200788.0,,,,
2020024,2020-04-14(二),"10,13,27,28,29,31 + 08",317568426.0,707451262.0,,,,
2020023,2020-04-12(日),"04,05,20,21,30,33 + 08",340318270.0,702813893.0,,,,
2020022,2020-04-09(四),"02,10,20,22,25,30 + 02",311416184.0,695229480.0,,,,
2020021,2020-04-07(二),"02,06,14,16,27,31 + 07",296655800.0,696474938.0,,,,
2020020,2020-04-05(日),"01,06,09,13,15,22 + 14",310764432.0,685979970.0,,,,
2020019,2020-04-02(四),"15,19,27,28,30,33 + 03",293920314.0,652393178.0,,,,
2020018,2020-03-31(二),"05,07,08,11,17,22 + 13",287194532.0,640479172.0,,,,
2020017,2020-03-29(日),"02,04,07,15,20,27 + 04",295712918.0,650980126.0,,,,
2020016,2020-03-26(四),"05,06,08,17,24,27 + 07",260860736.0,685053744.0,,,,
2020015,2020-03-24(二),"08,09,22,24,30,33 + 01",255551054.0,712719613.0,,,,
2020014,2020-03-22(日),"02,07,08,10,12,16 + 07",261933168.0,661997100.0,,,,
2020013,2020-03-19(四),"02,08,10,20,21,30 + 14",215545590.0,660220960.0,,,,
2020012,2020-03-17(二),"04,13,14,23,26,31 + 09",198501652.0,652719440.0,,,,
2020011,2020-03-15(日),"04,05,07,17,18,29 + 01",176331724.0,638032121.0,,,,
2020010,2020-03-12(四),"11,14,22,27,31,32 + 09",142522854.0,654279153.0,,,,
2020009,2020-01-21(二),"03,06,08,14,19,26 + 12",405733380.0,645107708.0,,,,
2020008,2020-01-19(日),"01,04,06,10,11,28 + 16",395048088.0,680964320.0,,,,
2020007,2020-01-16(四),"05,12,17,20,25,31 + 10",358035962.0,709741377.0,,,,
2020006,2020-01-14(二),"03,04,05,10,16,32 + 09",361697316.0,860929224.0,,,,
2020005,2020-01-12(日),"11,16,17,22,26,32 + 04",400642476.0,920486146.0,,,,
2020004,2020-01-09(四),"02,15,17,27,32,33 + 03",370826158.0,906654598.0,,,,
2020003,2020-01-07(二),"09,17,26,29,30,32 + 03",368960938.0,885816521.0,,,,
2020002,2020-01-05(日),"04,09,14,15,16,29 + 11",410784878.0,911355134.0,,,,
2020001,2020-01-02(四),"02,15,23,26,29,30 + 02",388311860.0,939054504.0,,,,
2019151,2019-12-31(二),"02,06,09,18,24,26 + 14",405999712.0,885545850.0,,,,
2019150,2019-12-29(日),"02,09,14,22,27,29 + 02",424037140.0,855139985.0,,,,
2019149,2019-12-26(四),"01,06,27,28,31,33 + 07",401837358.0,836506504.0,,,,
2019148,2019-12-24(二),"09,10,13,20,26,27 + 08",412835082.0,870667904.0,,,,
2019147,2019-12-22(日),"01,09,12,14,23,27 + 12",428843148.0,1035973571.0,,,,
2019146,2019-12-19(四),"01,04,10,12,30,32 + 14",400822952.0,1030878448.0,,,,
2019145,2019-12-17(二),"01,08,13,17,18,19 + 16",404721396.0,969648184.0,,,,
2019144,2019-12-15(日),"02,12,15,19,27,30 + 03",448943976.0,991024359.0,,,,
2019143,2019-12-12(四),"05,13,15,16,26,32 + 09",421054466.0,986249870.0,,,,
2019142,2019-12-10(二),"08,14,24,27,29,33 + 09",429455474.0,998995951.0,,,,
2019141,2019-12-08(日),"10,13,14,15,17,33 + 14",466103236.0,1042760527.0,,,,
2019140,2019-12-05(四),"02,04,09,11,14,22 + 05",421874374.0,966423413.0,,,,
2019139,2019-12-03(二),"08,14,20,23,30,33 + 11",420684332.0,1043301115.0,,,,
2019138,2019-12-01(日),"02,06,12,30,31,32 + 11",455574142.0,986542917.0,,,,
2019137,2019-11-28(四),"07,10,13,19,23,31 + 06",414318454.0,1015204480.0,,,,
2019136,2019-11-26(二),"12,14,15,17,29,33 + 12",411048748.0,1105571297.0,,,,
2019135,2019-11-24(日),"03,06,10,11,27,33 + 03",448749008.0,1086229996.0,,,,
2019134,2019-11-21(四),"01,04,06,22,29,30 + 03",424644500.0,1027388308.0,,,,
2019133,2019-11-19(二),"03,07,16,21,24,31 + 07",412973230.0,997265432.0,,,,
2019132,2019-11-17(日),"04,06,11,14,19,33 + 07",443878462.0,981615374.0,,,,
2019131,2019-11-14(四),"09,17,19,20,24,31 + 04",413548024.0,955790186.0,,,,
2019130,2019-11-12(二),"01,07,09,11,24,32 + 16",418172282.0,951230446.0,,,,
2019129,2019-11-10(日),"03,04,07,09,15,26 + 07",442669038.0,952320130.0,,,,
2019128,2019-11-07(四),"03,08,12,16,17,19 + 08",342336168.0,1008312621.0,,,,
2019127,2019-11-05(二),"02,06,07,12,17,24 + 10",338393664.0,1027292513.0,,,,
2019126,2019-11-03(日),"02,14,17,29,32,33 + 16",369776508.0,1062273688.0,,,,
2019125,2019-10-31(四),"02,11,12,26,27,29 + 03",342491160.0,1054933143.0,,,,
2019124,2019-10-29(二),"04,09,30,31,32,33 + 01",337939626.0,1042703541.0,,,,
2019123,2019-10-27(日),"02,06,08,17,28,30 + 06",360609038.0,1067428638.0,,,,
2019122,2019-10-24(四),"04,10,15,19,21,23 + 02",334989390.0,1131287397.0,,,,
2019121,2019-10-22(二),"02,06,15,21,30,31 + 02",334748934.0,1091862134.0,,,,
2019120,2019-10-20(日),"10,12,27,31,32,33 + 03",361613906.0,1117954087.0,,,,
2019119,2019-10-17(四),"04,20,22,24,26,33 + 07",332545590.0,1089354655.0,,,,
2019118,2019-10-15(二),"12,14,15,25,28,31 + 04",329400746.0,1105685807.0,,,,
2019117,2019-10-13(日),"03,05,11,28,32,33 + 01",358734764.0,1085958852.0,,,,
2019116,2019-10-10(四),"01,08,09,13,16,33 + 01",336502106.0,1047187205.0,,,,
2019115,2019-10-08(二),"04,10,11,14,15,29 + 05",354033692.0,1023230427.0,,,,
2019114,2019-09-29(日),"02,04,09,11,12,30 + 01",372847052.0,1016450569.0,,,,
2019113,2019-09-26(四),"01,05,19,21,25,33 + 15",339648916.0,966030310.0,,,,
2019112,2019-09-24(二),"03,12,14,17,23,27 + 01",335430712.0,939911612.0,,,,
2019111,2019-09-22(日),"07,18,20,22,24,33 + 01",371095278.0,907833069.0,,,,
2019110,2019-09-19(四),"01,18,22,26,27,28 + 08",345297696.0,869553104.0,,,,
2019109,2019-09-17(二),"03,06,07,17,28,31 + 10",339057352.0,862636404.0,,,,
2019108,2019-09-15(日),"07,13,19,22,25,32 + 13",361553454.0,842165456.0,,,,
2019107,2019-09-12(四),"02,06,08,23,27,32 + 02",326852234.0,856645293.0,,,,
2019106,2019-09-10(二),"02,14,22,27,30,33 + 14",330410652.0,799590658.0,,,,
2019105,2019-09-08(日),"02,13,15,17,26,33 + 01",365092568.0,754476375.0,,,,
2019104,2019-09-05(四),"01,05,16,17,18,24 + 10",336503558.0,727332881.0,,,,
2019103,2019-09-03(二),"04,12,14,21,27,29 + 12",334444954.0,726754909.0,,,,
2019102,2019-09-01(日),"03,08,12,16,20,32 + 12",365310214.0,665286304.0,,,,
2019101,2019-08-29(四),"01,04,09,21,31,33 + 05",336008906.0,716370043.0,,,,
2019100,2019-08-27(二),"01,04,12,13,30,32 + 08",334319180.0,720116287.0,,,,
2019099,2019-08-25(日),"07,14,22,23,27,30 + 08",355328056.0,667283924.0,,,,
2019098,2019-08-22(四),"03,11,12,14,17,26 + 09",334187522.0,759762439.0,,,,
2019097,2019-08-20(二),"03,05,18,24,25,31 + 09",328319954.0,729874065.0,,,,
2019096,2019-08-18(日),"05,07,12,18,27,32 + 11",355103324.0,720969696.0,,,,
2019095,2019-08-15(四),"02,05,14,19,21,28 + 01",327102912.0,908224516.0,,,,
2019094,2019-08-13(二),"05,10,12,18,19,27 + 06",318739184.0,870773310.0,,,,
2019093,2019-08-11(日),"05,07,08,09,20,22 + 02",343851622.0,870686214.0,,,,
2019092,2019-08-08(四),"09,17,27,28,32,33 + 08",325113036.0,961868391.0,,,,
2019091,2019-08-06(二),"07,10,21,24,29,32 + 11",321773688.0,965901226.0,,,,
2019090,2019-08-04(日),"02,03,06,08,14,22 + 04",355808718.0,912434874.0,,,,
2019089,2019-08-01(四),"02,04,14,16,20,22 + 11",321183320.0,851666935.0,,,,
2019088,2019-07-30(二),"13,14,15,21,23,29 + 13",320442344.0,848907760.0,,,,
2019087,2019-07-28(日),"04,05,07,09,21,30 + 04",348495228.0,904387916.0,,,,
2019086,2019-07-25(四),"16,22,24,26,28,31 + 06",318423888.0,868561562.0,,,,
2019085,2019-07-23(二),"01,04,14,18,24,29 + 04",322387974.0,882276151.0,,,,
2019084,2019-07-21(日),"04,08,14,18,20,27 + 03",356282880.0,892130280.0,,,,
2019083,2019-07-18(四),"06,15,17,26,28,31 + 03",329029762.0,926738145.0,,,,
2019082,2019-07-16(二),"07,16,19,22,24,28 + 02",328221990.0,927370251.0,,,,
2019081,2019-07-14(日),"05,24,27,29,31,32 + 10",359862504.0,907395563.0,,,,
2019080,2019-07-11(四),"03,06,08,20,24,32 + 07",333601616.0,878626031.0,,,,
2019079,2019-07-09(二),"01,03,06,09,19,31 + 16",324952306.0,884700186.0,,,,
2019078,2019-07-07(日),"01,17,27,29,31,33 + 12",358699764.0,911692755.0,,,,
2019077,2019-07-04(四),"09,11,13,18,21,22 + 15",331156004.0,928983242.0,,,,
2019076,2019-07-02(二),"12,15,19,20,29,32 + 14",327737064.0,860745165.0,,,,
2019075,2019-06-30(日),"05,08,20,22,31,33 + 03",356452390.0,825389586.0,,,,
2019074,2019-06-27(四),"12,21,27,29,31,33 + 04",339313032.0,777279978.0,,,,
2019073,2019-06-25(二),"01,02,06,12,16,18 + 08",334373706.0,731798593.0,,,,
2019072,2019-06-23(日),"02,09,13,15,22,30 + 15",366310328.0,784809688.0,,,,
2019071,2019-06-20(四),"01,08,19,24,29,30 + 04",338921834.0,779942491.0,,,,
2019070,2019-06-18(二),"06,15,18,19,24,32 + 09",335727814.0,839590047.0,,,,
2019069,2019-06-16(日),"06,11,16,19,21,25 + 01",370103190.0,813208375.0,,,,
2019068,2019-06-13(四),"03,14,20,24,26,33 + 10",331635522.0,802934315.0,,,,
2019067,2019-06-11(二),"04,06,08,11,30,33 + 11",330381956.0,781887228.0,,,,
2019066,2019-06-09(日),"01,14,17,20,22,32 + 04",354505682.0,765994853.0,,,,
2019065,2019-06-06(四),"06,09,11,15,20,26 + 10",327400036.0,737867862.0,,,,
2019064,2019-06-04(二),"12,20,24,25,30,33 + 12",331639006.0,743421022.0,,,,
2019063,2019-06-02(日),"01,14,19,22,29,31 + 16",361222550.0,718713061.0,,,,
2019062,2019-05-30(四),"07,13,16,23,26,30 + 01",339468976.0,684734277.0,,,,
2019061,2019-05-28(二),"03,17,19,24,27,31 + 12",335296666.0,655425812.0,,,,
2019060,2019-05-26(日),"03,04,14,20,23,27 + 01",367103342.0,628604946.0,,,,
2019059,2019-05-23(四),"04,05,07,09,16,18 + 06",345567246.0,561383166.0,,,,
2019058,2019-05-21(二),"07,08,12,21,23,27 + 12",339299672.0,520571254.0,,,,
2019057,2019-05-19(日),"04,05,06,08,13,18 + 16",372560948.0,606231938.0,,,,
2019056,2019-05-16(四),"13,14,17,19,21,29 + 01",351267630.0,579319269.0,,,,
2019055,2019-05-14(二),"01,06,11,15,19,31 + 10",350070872.0,531777347.0,,,,
2019054,2019-05-12(日),"07,10,11,15,24,26 + 11",376075414.0,484344441.0,,,,
2019053,2019-05-09(四),"04,16,22,25,29,31 + 08",345533966.0,486040155.0,,,,
2019052,2019-05-07(二),"03,06,09,13,16,19 + 16",342251970.0,514041918.0,,,,
2019051,2019-05-05(日),"08,09,10,13,15,28 + 09",371316762.0,1229559631.0,,,,
2019050,2019-05-02(四),"04,06,10,11,21,23 + 02",311858860.0,1276546288.0,,,,
2019049,2019-04-30(二),"03,10,13,22,23,28 + 15",333775314.0,1300906020.0,,,,
2019048,2019-04-28(日),"03,07,10,12,18,29 + 10",379210874.0,1307482004.0,,,,
2019047,2019-04-25(四),"03,11,18,25,30,33 + 14",349665886.0,1297945208.0,,,,
2019046,2019-04-23(二),"02,12,16,22,25,32 + 06",349236650.0,1227436396.0,,,,
2019045,2019-04-21(日),"01,06,17,19,27,31 + 14",380577960.0,1272816559.0,,,,
2019044,2019-04-18(四),"06,14,16,17,23,29 + 07",350579948.0,1246753637.0,,,,
2019043,2019-04-16(二),"01,06,12,13,24,32 + 13",345296562.0,1275191954.0,,,,
2019042,2019-04-14(日),"15,17,19,22,25,26 + 04",376134240.0,1220955571.0,,,,
2019041,2019-04-11(四),"02,09,13,23,24,26 + 16",347145834.0,1183587505.0,,,,
2019040,2019-04-09(二),"05,06,09,18,23,31 + 11",335974062.0,1118623191.0,,,,
2019039,2019-04-07(日),"06,07,11,14,27,32 + 08",363128750.0,1122075950.0,,,,
2019038,2019-04-04(四),"09,12,21,27,29,30 + 05",335328036.0,1138999919.0,,,,
2019037,2019-04-02(二),"01,07,12,14,18,25 + 10",344923376.0,1154793537.0,,,,
2019036,2019-03-31(日),"02,10,13,16,23,32 + 08",383547756.0,1164805979.0,,,,
2019035,2019-03-28(四),"01,05,07,09,10,20 + 16",354951028.0,1269805979.0,,,,
2019034,2019-03-26(二),"09,11,15,22,24,26 + 03",354652922.0,1263277472.0,,,,
2019033,2019-03-24(日),"09,15,19,21,23,29 + 15",385168218.0,1259439534.0,,,,
2019032,2019-03-21(四),"04,08,09,13,28,33 + 04",353034100.0,1308932812.0,,,,
2019031,2019-03-19(二),"03,13,15,18,21,33 + 16",358344316.0,1276420305.0,,,,
2019030,2019-03-17(日),"04,05,07,10,12,22 + 16",392415448.0,1240512761.0,,,,
2019029,2019-03-14(四),"08,11,17,23,32,33 + 10",358515950.0,1269306832.0,,,,
2019028,2019-03-12(二),"04,19,22,26,29,30 + 11",356878622.0,1244140628.0,,,,
2019027,2019-03-10(日),"02,06,08,10,11,17 + 13",393236612.0,1257385558.0,,,,
2019026,2019-03-07(四),"03,13,15,19,20,27 + 14",349411720.0,1242805065.0,,,,
2019025,2019-03-05(二),"15,16,21,27,30,33 + 04",345714892.0,1246342879.0,,,,
2019024,2019-03-03(日),"01,08,23,25,28,29 + 10",384117562.0,1209747493.0,,,,
2019023,2019-02-28(四),"01,10,14,15,18,31 + 13",353488994.0,1207046316.0,,,,
2019022,2019-02-26(二),"03,07,11,21,30,33 + 07",338829860.0,1233143388.0,,,,
2019021,2019-02-24(日),"02,05,07,08,20,27 + 04",370839306.0,1301850849.0,,,,
2019020,2019-02-21(四),"02,12,13,23,27,28 + 12",330603914.0,1268982145.0,,,,
2019019,2019-02-19(二),"03,11,17,18,24,25 + 06",326400930.0,1285383840.0,,,,
2019018,2019-02-17(日),"04,11,18,19,26,32 + 04",349743310.0,1370346090.0,,,,
2019017,2019-02-14(四),"04,05,24,28,30,33 + 09",312764888.0,1355934705.0,,,,
2019016,2019-02-12(二),"05,07,09,11,19,25 + 05",314659700.0,1334598348.0,,,,
2019015,2019-02-03(日),"11,15,16,20,24,31 + 04",386508326.0,1352193873.0,,,,
2019014,2019-01-31(四),"01,02,03,14,19,33 + 03",327526362.0,1364355844.0,,,,
2019013,2019-01-29(二),"05,07,14,16,18,21 + 01",332648408.0,1347698265.0,,,,
2019012,2019-01-27(日),"07,10,21,23,31,33 + 14",370443836.0,1303808580.0,,,,
2019011,2019-01-24(四),"10,13,19,21,24,30 + 07",340431350.0,1245829570.0,,,,
2019010,2019-01-22(二),"02,04,05,08,11,30 + 02",336769874.0,1223708496.0,,,,
2019009,2019-01-20(日),"01,07,10,22,31,32 + 15",376873348.0,1267633646.0,,,,
2019008,2019-01-17(四),"02,06,09,13,28,32 + 12",342498692.0,1255320435.0,,,,
2019007,2019-01-15(二),"06,10,14,15,19,23 + 15",340543166.0,1223439184.0,,,,
2019006,2019-01-13(日),"01,05,10,19,26,28 + 12",375825296.0,1211353738.0,,,,
2019005,2019-01-10(四),"21,22,26,28,31,32 + 07",343365078.0,1326043660.0,,,,
2019004,2019-01-08(二),"08,12,16,19,26,32 + 03",338080388.0,1346750738.0,,,,
2019003,2019-01-06(日),"13,17,20,21,22,27 + 01",373728002.0,1333321882.0,,,,
2019002,2019-01-03(四),"04,05,06,08,09,18 + 11",345144344.0,1294586730.0,,,,
2019001,2019-01-01(二),"06,10,13,15,32,33 + 15",341453440.0,1283324272.0,,,,
2018153,2018-12-30(日),"01,07,17,23,25,31 + 11",363663410.0,1289528301.0,,,,
2018152,2018-12-27(四),"04,14,16,23,28,29 + 03",342935808.0,1247608325.0,,,,
2018151,2018-12-25(二),"05,15,19,25,26,29 + 15",345353380.0,1321227399.0,,,,
2018150,2018-12-23(日),"06,08,15,19,20,31 + 05",377320206.0,1289430060.0,,,,
2018149,2018-12-20(四),"01,07,08,10,12,24 + 01",353364860.0,1312652452.0,,,,
2018148,2018-12-18(二),"03,06,18,19,21,31 + 01",346743178.0,1315102044.0,,,,
2018147,2018-12-16(日),"03,15,17,23,27,30 + 11",378419434.0,1319726677.0,,,,
2018146,2018-12-13(四),"02,10,11,17,18,29 + 16",345409226.0,1317986374.0,,,,
2018145,2018-12-11(二),"03,09,13,22,23,25 + 06",349376292.0,1333080271.0,,,,
2018144,2018-12-09(日),"08,13,17,18,20,27 + 13",387956028.0,1403504611.0,,,,
2018143,2018-12-06(四),"04,06,15,28,32,33 + 14",373157016.0,1328627871.0,,,,
2018142,2018-12-04(二),"05,08,10,11,27,28 + 11",390581690.0,1343493083.0,,,,
2018141,2018-12-02(日),"11,14,16,18,24,33 + 04",416166816.0,1385805866.0,,,,
2018140,2018-11-29(四),"01,15,20,22,25,28 + 14",386006162.0,1320037180.0,,,,
2018139,2018-11-27(二),"11,18,20,23,31,32 + 15",380559364.0,1221766906.0,,,,
2018138,2018-11-25(日),"01,10,25,27,30,32 + 09",412013682.0,1213413511.0,,,,
2018137,2018-11-22(四),"03,05,11,15,20,23 + 09",379485292.0,1152259559.0,,,,
2018136,2018-11-20(二),"10,12,15,25,26,27 + 14",377111910.0,1166942493.0,,,,
2018135,2018-11-18(日),"01,03,06,10,11,29 + 16",406719454.0,1138385085.0,,,,
2018134,2018-11-15(四),"03,16,18,31,32,33 + 12",377767366.0,1084959009.0,,,,
2018133,2018-11-13(二),"02,04,11,12,18,32 + 13",374106026.0,1084505788.0,,,,
2018132,2018-11-11(日),"01,02,09,10,15,22 + 06",408709916.0,1043966776.0,,,,
2018131,2018-11-08(四),"21,22,24,31,32,33 + 01",383809176.0,1050270214.0,,,,
2018130,2018-11-06(二),"05,12,17,18,24,28 + 12",374274632.0,978511798.0,,,,
2018129,2018-11-04(日),"02,04,06,16,18,19 + 16",418290398.0,1013358099.0,,,,
2018128,2018-11-01(四),"06,07,08,19,22,23 + 02",388471822.0,976588973.0,,,,
2018127,2018-10-30(二),"02,05,06,07,11,15 + 12",383266268.0,964241444.0,,,,
2018126,2018-10-28(日),"01,06,08,09,14,22 + 05",415778246.0,978656335.0,,,,
2018125,2018-10-25(四),"03,10,11,14,15,32 + 02",391293382.0,961703467.0,,,,
2018124,2018-10-23(二),"09,13,14,19,22,25 + 02",378069006.0,894677451.0,,,,
2018123,2018-10-21(日),"13,21,24,27,31,32 + 01",410429482.0,867467741.0,,,,
2018122,2018-10-18(四),"05,07,20,22,30,32 + 10",327644802.0,827873755.0,,,,
2018121,2018-10-16(二),"06,08,14,19,23,25 + 11",321305376.0,962509317.0,,,,
2018120,2018-10-14(日),"03,04,18,26,27,33 + 01",357215818.0,973089335.0,,,,
2018119,2018-10-11(四),"03,13,14,16,25,27 + 12",328321394.0,935364310.0,,,,
2018118,2018-10-09(二),"08,12,21,22,27,31 + 09",322015414.0,956670540.0,,,,
2018117,2018-10-07(日),"08,11,15,17,23,25 + 05",340052040.0,954956874.0,,,,
2018116,2018-10-04(四),"05,14,17,22,23,28 + 15",281786404.0,938345496.0,,,,
2018115,2018-10-02(二),"01,13,19,24,26,29 + 11",273986534.0,1121020227.0,,,,
2018114,2018-09-30(日),"01,07,15,16,20,27 + 14",336072030.0,1092970758.0,,,,
2018113,2018-09-27(四),"01,06,09,16,25,26 + 09",314160394.0,1073781687.0,,,,
2018112,2018-09-25(二),"05,08,18,25,26,31 + 04",302328982.0,1101702921.0,,,,
2018111,2018-09-23(日),"01,07,14,24,25,28 + 08",320180512.0,1123718442.0,,,,
2018110,2018-09-20(四),"11,13,16,21,22,23 + 02",307066624.0,1161612266.0,,,,
2018109,2018-09-18(二),"10,11,18,23,31,33 + 15",306989720.0,1104585752.0,,,,
2018108,2018-09-16(日),"05,13,18,21,26,30 + 02",322147946.0,1088482714.0,,,,
2018107,2018-09-13(四),"01,02,05,12,20,22 + 01",317508712.0,1146472338.0,,,,
2018106,2018-09-11(二),"04,18,19,24,25,26 + 10",312096980.0,1119736168.0,,,,
2018105,2018-09-09(日),"04,05,13,18,19,25 + 01",343324268.0,1102004192.0,,,,
2018104,2018-09-06(四),"02,03,06,19,25,29 + 01",312637426.0,1128194345.0,,,,
2018103,2018-09-04(二),"02,09,15,22,23,24 + 16",314574584.0,1103208722.0,,,,
2018102,2018-09-02(日),"02,06,11,19,21,28 + 05",340812198.0,1085333716.0,,,,
2018101,2018-08-30(四),"01,03,14,26,29,33 + 09",308676480.0,1062181270.0,,,,
2018100,2018-08-28(二),"02,11,14,15,29,33 + 02",309533260.0,1047796176.0,,,,
2018099,2018-08-26(日),"03,07,08,14,25,32 + 06",339383254.0,1013742168.0,,,,
2018098,2018-08-23(四),"06,10,11,20,29,32 + 13",314746902.0,1037348433.0,,,,
2018097,2018-08-21(二),"01,02,17,20,25,28 + 13",313501772.0,1024508131.0,,,,
2018096,2018-08-19(日),"01,05,09,20,28,32 + 12",338691852.0,965286126.0,,,,
2018095,2018-08-16(四),"10,11,12,21,26,33 + 09",320539494.0,1045113520.0,,,,
2018094,2018-08-14(二),"04,07,16,20,24,30 + 05",314204036.0,1023528004.0,,,,
2018093,2018-08-12(日),"04,18,20,21,29,33 + 07",341609166.0,962368068.0,,,,
2018092,2018-08-09(四),"06,10,16,19,24,33 + 16",318819890.0,921043817.0,,,,
2018091,2018-08-07(二),"06,11,13,17,25,32 + 07",315853082.0,854322188.0,,,,
2018090,2018-08-05(日),"01,02,04,10,14,23 + 07",340370390.0,830323212.0,,,,
2018089,2018-08-02(四),"06,09,12,14,18,27 + 14",312432712.0,864705795.0,,,,
2018088,2018-07-31(二),"03,05,12,29,30,32 + 14",315199378.0,832943120.0,,,,
2018087,2018-07-29(日),"01,05,10,16,18,31 + 03",348603358.0,821914596.0,,,,
2018086,2018-07-26(四),"02,07,17,21,23,26 + 16",322631262.0,767052918.0,,,,
2018085,2018-07-24(二),"04,10,25,26,30,33 + 06",322576362.0,815513264.0,,,,
2018084,2018-07-22(日),"05,06,08,12,22,24 + 03",347865554.0,821610647.0,,,,
2018083,2018-07-19(四),"04,09,18,21,32,33 + 03",323565026.0,843134325.0,,,,
2018082,2018-07-17(二),"06,12,14,20,22,24 + 09",319081284.0,838703256.0,,,,
2018081,2018-07-15(日),"01,02,12,16,20,26 + 03",349698540.0,837010055.0,,,,
2018080,2018-07-12(四),"04,07,13,20,29,33 + 03",325310442.0,805444602.0,,,,
2018079,2018-07-10(二),"14,15,17,22,24,29 + 13",327442428.0,782146094.0,,,,
2018078,2018-07-08(日),"03,10,14,17,18,30 + 12",358569878.0,721951374.0,,,,
2018077,2018-07-05(四),"02,05,09,15,20,24 + 10",327832004.0,709870938.0,,,,
2018076,2018-07-03(二),"03,07,08,15,29,30 + 13",327873252.0,698248210.0,,,,
2018075,2018-07-01(日),"07,09,12,13,22,24 + 11",356378720.0,774033783.0,,,,
2018074,2018-06-28(四),"09,11,14,20,27,30 + 09",327800026.0,813581190.0,,,,
2018073,2018-06-26(二),"02,09,14,15,16,23 + 10",329645754.0,832397856.0,,,,
2018072,2018-06-24(日),"11,16,19,22,25,30 + 08",372281494.0,823199206.0,,,,
2018071,2018-06-21(四),"02,05,06,13,16,19 + 03",348880396.0,911477268.0,,,,
2018070,2018-06-19(二),"04,09,15,16,19,27 + 10",339461364.0,907892115.0,,,,
2018069,2018-06-17(日),"06,13,17,19,23,31 + 12",355213336.0,921431615.0,,,,
2018068,2018-06-14(四),"08,10,17,20,27,30 + 01",332649368.0,900360000.0,,,,
2025028,2025-03-16(日),"04,09,14,15,18,25 + 15",,,,,,
2025029,2025-03-18(二),"05,15,16,25,30,33 + 16",393060268.0,2028095174.0,,,,
2025030,2025-03-20(四),"04,06,07,30,31,33 + 06",395500258.0,2062046163.0,,,,
2025032,2025-03-25(二),"03,08,10,14,16,21 + 03",374535064.0,2042155440.0,,,,
2025031,2025-03-23(日),"01,05,06,08,23,28 + 01",419594048.0,2023566815.0,,,,
